Watching for file changes with StatReloader
Not Found: /images/bg_2.png
Not Found: /images/about.jpg
Not Found: /images/pizza-1.jpg
Not Found: /images/pizza-2.jpg
Not Found: /images/pizza-3.jpg
Not Found: /images/pizza-4.jpg
Not Found: /images/pizza-5.jpg
Not Found: /images/pizza-6.jpg
Not Found: /images/pizza-7.jpg
Not Found: /images/pizza-8.jpg
Not Found: /images/gallery-1.jpg
Not Found: /images/gallery-2.jpg
Not Found: /images/bg_2.jpg
Not Found: /images/gallery-4.jpg
Not Found: /images/gallery-3.jpg
Not Found: /images/image_1.jpg
Not Found: /images/image_2.jpg
Not Found: /images/image_3.jpg
Not Found: /images/bg_1.jpg
Not Found: /images/bg_3.jpg
Not Found: /images/bg_2.jpg
Not Found: /images/bg_2.png
Not Found: /images/bg_2.png
Not Found: /login/images/image_1.jpg
Not Found: /login/images/image_2.jpg
Not Found: /menu/images/image_1.jpg
Not Found: /menu/images/image_2.jpg
Not Found: /images/bg_2.png
Not Found: /images/about.jpg
Not Found: /images/pizza-1.jpg
Not Found: /images/pizza-2.jpg
Not Found: /images/pizza-5.jpg
Not Found: /images/pizza-4.jpg
Not Found: /images/pizza-3.jpg
Not Found: /images/pizza-6.jpg
Not Found: /images/bg_1.jpg
Not Found: /images/bg_3.jpg
Not Found: /images/bg_2.jpg
Not Found: /images/gallery-3.jpg
Not Found: /images/pizza-8.jpg
Not Found: /images/gallery-2.jpg
Not Found: /images/gallery-1.jpg
Not Found: /images/pizza-7.jpg
Not Found: /images/gallery-4.jpg
Not Found: /images/image_2.jpg
Not Found: /images/image_3.jpg
Not Found: /images/image_1.jpg
Not Found: /images/bg_2.png
Not Found: /register/images/image_2.jpg
Not Found: /register/images/image_1.jpg
Not Found: /register/images/image_1.jpg
Not Found: /register/images/image_2.jpg
C:\Users\kotch\MOVELIKEAPYTHON\restaurant_project\restaurant\views.py changed, reloading.
Watching for file changes with StatReloader
C:\Users\kotch\MOVELIKEAPYTHON\restaurant_project\restaurant\views.py changed, reloading.
Watching for file changes with StatReloader
C:\Users\kotch\MOVELIKEAPYTHON\restaurant_project\restaurant\views.py changed, reloading.
Watching for file changes with StatReloader
C:\Users\kotch\MOVELIKEAPYTHON\restaurant_project\restaurant\views.py changed, reloading.
Watching for file changes with StatReloader
C:\Users\kotch\MOVELIKEAPYTHON\restaurant_project\restaurant\views.py changed, reloading.
Watching for file changes with StatReloader
Not Found: /register/images/image_1.jpg
Not Found: /register/images/image_2.jpg
Not Found: /images/bg_2.png
Not Found: /images/about.jpg
Not Found: /images/pizza-1.jpg
Not Found: /images/pizza-2.jpg
Not Found: /images/pizza-3.jpg
Not Found: /images/pizza-4.jpg
Not Found: /images/pizza-6.jpg
Not Found: /images/pizza-7.jpg
Not Found: /images/pizza-5.jpg
Not Found: /images/bg_1.jpg
Not Found: /images/bg_3.jpg
Not Found: /images/bg_2.jpg
Not Found: /images/gallery-2.jpg
Not Found: /images/gallery-1.jpg
Not Found: /images/pizza-8.jpg
Not Found: /images/gallery-3.jpg
Not Found: /images/gallery-4.jpg
Not Found: /images/image_1.jpg
Not Found: /images/image_2.jpg
Not Found: /images/bg_2.png
Not Found: /images/image_3.jpg
Not Found: /images/bg_2.png
Not Found: /images/about.jpg
Not Found: /images/pizza-5.jpg
Not Found: /images/pizza-2.jpg
Not Found: /images/pizza-4.jpg
Not Found: /images/pizza-3.jpg
Not Found: /images/pizza-1.jpg
Not Found: /images/bg_1.jpg
Not Found: /images/pizza-7.jpg
Not Found: /images/pizza-6.jpg
Not Found: /images/bg_3.jpg
Not Found: /images/bg_2.jpg
Not Found: /images/pizza-8.jpg
Not Found: /images/gallery-1.jpg
Not Found: /images/gallery-2.jpg
Not Found: /images/gallery-3.jpg
Not Found: /images/image_1.jpg
Not Found: /images/gallery-4.jpg
Not Found: /images/image_2.jpg
Not Found: /images/image_3.jpg
Not Found: /images/bg_2.png
Not Found: /login/images/image_1.jpg
Not Found: /login/images/image_2.jpg
Not Found: /password_reset/images/image_2.jpg
Not Found: /password_reset/images/image_1.jpg
Email envoyé avec succès à ['kotchid6@gmail.com']
Not Found: /password_reset/images/image_1.jpg
Not Found: /password_reset/images/image_2.jpg
Not Found: /menu/images/image_1.jpg
Not Found: /menu/images/image_2.jpg
Not Found: /login/images/image_1.jpg
Not Found: /login/images/image_2.jpg
Not Found: /panier/images/image_1.jpg
Not Found: /panier/images/image_2.jpg
C:\Users\kotch\MOVELIKEAPYTHON\restaurant_project\restaurant\views.py changed, reloading.
Watching for file changes with StatReloader
C:\Users\kotch\MOVELIKEAPYTHON\restaurant_project\restaurant\views.py changed, reloading.
Watching for file changes with StatReloader
C:\Users\kotch\MOVELIKEAPYTHON\restaurant_project\restaurant\views.py changed, reloading.
Watching for file changes with StatReloader
Not Found: /menu/images/image_2.jpg
Not Found: /menu/images/image_1.jpg
Not Found: /menu/images/image_1.jpg
Not Found: /menu/images/image_2.jpg
Internal Server Error: /ajouter_au_panier/1/
Traceback (most recent call last):
  File "C:\Users\kotch\MOVELIKEAPYTHON\venv\Lib\site-packages\django\core\handlers\exception.py", line 55, in inner
    response = get_response(request)
               ^^^^^^^^^^^^^^^^^^^^^
  File "C:\Users\kotch\MOVELIKEAPYTHON\venv\Lib\site-packages\django\core\handlers\base.py", line 197, in _get_response
    response = wrapped_callback(request, *callback_args, **callback_kwargs)
               ^^^^^^^^^^^^^^^^^^^^^^^^^^^^^^^^^^^^^^^^^^^^^^^^^^^^^^^^^^^^
  File "C:\Users\kotch\MOVELIKEAPYTHON\venv\Lib\site-packages\django\contrib\auth\decorators.py", line 59, in _view_wrapper
    return view_func(request, *args, **kwargs)
           ^^^^^^^^^^^^^^^^^^^^^^^^^^^^^^^^^^^
  File "C:\Users\kotch\MOVELIKEAPYTHON\restaurant_project\restaurant\views.py", line 71, in ajouter_au_panier
    message = f'Vous avez ajouté {plat.nom} au panier.\nPrix : {plat.prix_apres_promo:.2f} FCFA.'
                                                                ^^^^^^^^^^^^^^^^^^^^^
AttributeError: 'Plat' object has no attribute 'prix_apres_promo'
C:\Users\kotch\MOVELIKEAPYTHON\restaurant_project\restaurant\views.py changed, reloading.
Watching for file changes with StatReloader
C:\Users\kotch\MOVELIKEAPYTHON\restaurant_project\restaurant\views.py changed, reloading.
Watching for file changes with StatReloader
C:\Users\kotch\MOVELIKEAPYTHON\restaurant_project\restaurant\views.py changed, reloading.
Watching for file changes with StatReloader
C:\Users\kotch\MOVELIKEAPYTHON\restaurant_project\restaurant\views.py changed, reloading.
Watching for file changes with StatReloader
Not Found: /menu/images/image_2.jpg
Not Found: /menu/images/image_1.jpg
Not Found: /menu/images/image_1.jpg
Not Found: /menu/images/image_2.jpg
Not Found: /panier/images/image_1.jpg
Not Found: /panier/images/image_2.jpg
Not Found: /images/bg_2.png
Not Found: /images/about.jpg
Not Found: /images/pizza-1.jpg
Not Found: /images/pizza-2.jpg
Not Found: /images/pizza-3.jpg
Not Found: /images/pizza-4.jpg
Not Found: /images/pizza-5.jpg
Not Found: /images/bg_1.jpg
Not Found: /images/bg_3.jpg
Not Found: /images/bg_2.jpg
Not Found: /images/pizza-6.jpg
Not Found: /images/pizza-7.jpg
Not Found: /images/pizza-8.jpg
Not Found: /images/gallery-1.jpg
Not Found: /images/gallery-2.jpg
Not Found: /images/gallery-3.jpg
Not Found: /images/gallery-4.jpg
Not Found: /images/image_1.jpg
Not Found: /images/image_2.jpg
Not Found: /images/image_3.jpg
Not Found: /images/bg_2.png
Not Found: /menu/images/image_1.jpg
Not Found: /menu/images/image_2.jpg
Not Found: /menu/images/image_2.jpg
Not Found: /menu/images/image_1.jpg
Not Found: /panier/images/image_1.jpg
Not Found: /panier/images/image_2.jpg
C:\Users\kotch\MOVELIKEAPYTHON\restaurant_project\restaurant\views.py changed, reloading.
Watching for file changes with StatReloader
C:\Users\kotch\MOVELIKEAPYTHON\restaurant_project\restaurant\models.py changed, reloading.
Watching for file changes with StatReloader
Watching for file changes with StatReloader
Not Found: /images/bg_2.png
Not Found: /images/about.jpg
Not Found: /images/pizza-1.jpg
Not Found: /images/pizza-2.jpg
Not Found: /images/pizza-3.jpg
Not Found: /images/pizza-6.jpg
Not Found: /images/pizza-4.jpg
Not Found: /images/pizza-7.jpg
Not Found: /images/pizza-5.jpg
Not Found: /images/pizza-8.jpg
Not Found: /images/gallery-1.jpg
Not Found: /images/gallery-2.jpg
Not Found: /images/gallery-3.jpg
Not Found: /images/gallery-4.jpg
Not Found: /images/bg_2.jpg
Not Found: /images/image_1.jpg
Not Found: /images/image_2.jpg
Not Found: /images/image_3.jpg
Not Found: /images/bg_1.jpg
Not Found: /images/bg_2.jpg
Not Found: /images/bg_3.jpg
Not Found: /images/bg_2.png
Not Found: /menu/images/image_1.jpg
Not Found: /menu/images/image_2.jpg
Not Found: /menu/images/image_1.jpg
Not Found: /menu/images/image_2.jpg
Not Found: /panier/images/image_1.jpg
Not Found: /panier/images/image_2.jpg
Not Found: /blog/images/image_1.jpg
Not Found: /blog/images/image_2.jpg
Watching for file changes with StatReloader
Not Found: /images/bg_2.png
Not Found: /images/about.jpg
Not Found: /images/pizza-2.jpg
Not Found: /images/pizza-1.jpg
Not Found: /images/pizza-5.jpg
Not Found: /images/pizza-3.jpg
Not Found: /images/pizza-4.jpg
Not Found: /images/pizza-6.jpg
Not Found: /images/pizza-8.jpg
Not Found: /images/pizza-7.jpg
Not Found: /images/gallery-1.jpg
Not Found: /images/gallery-2.jpg
Not Found: /images/gallery-3.jpg
Not Found: /images/gallery-4.jpg
Not Found: /images/bg_2.jpg
Not Found: /images/image_1.jpg
Not Found: /images/image_2.jpg
Not Found: /images/image_3.jpg
Not Found: /images/bg_1.jpg
Not Found: /images/bg_3.jpg
Not Found: /images/bg_2.jpg
Not Found: /images/bg_2.png
Not Found: /favicon.ico
Not Found: /contact/css/open-iconic-bootstrap.min.css
Not Found: /contact/css/animate.css
Not Found: /contact/css/jquery.timepicker.css
Not Found: /contact/css/icomoon.css
Not Found: /contact/css/owl.carousel.min.css
Not Found: /contact/css/magnific-popup.css
Not Found: /contact/css/owl.theme.default.min.css
Not Found: /contact/css/ionicons.min.css
Not Found: /contact/css/aos.css
Not Found: /contact/css/bootstrap-datepicker.css
Not Found: /contact/css/flaticon.css
Not Found: /contact/css/style.css
Not Found: /contact/js/jquery.stellar.min.js
Not Found: /contact/js/popper.min.js
Not Found: /contact/js/owl.carousel.min.js
Not Found: /contact/js/jquery.min.js
Not Found: /contact/js/jquery-migrate-3.0.1.min.js
Not Found: /contact/js/bootstrap.min.js
Not Found: /contact/js/jquery.easing.1.3.js
Not Found: /contact/js/jquery.waypoints.min.js
Not Found: /contact/js/jquery.magnific-popup.min.js
Not Found: /contact/js/aos.js
Not Found: /contact/js/jquery.animateNumber.min.js
Not Found: /contact/js/bootstrap-datepicker.js
Not Found: /contact/js/jquery.timepicker.min.js
Not Found: /contact/js/scrollax.min.js
Not Found: /contact/js/google-map.js
Not Found: /contact/js/main.js
Not Found: /contact/images/bg_1.jpg
Not Found: /contact/images/bg_3.jpg
Not Found: /contact/images/image_1.jpg
Not Found: /contact/images/image_2.jpg
Not Found: /contact/css/open-iconic-bootstrap.min.css
Not Found: /contact/css/animate.css
Not Found: /contact/css/owl.carousel.min.css
Not Found: /contact/css/aos.css
Not Found: /contact/css/magnific-popup.css
Not Found: /contact/css/owl.theme.default.min.css
Not Found: /contact/css/style.css
Not Found: /contact/css/bootstrap-datepicker.css
Not Found: /contact/css/ionicons.min.css
Not Found: /contact/css/jquery.timepicker.css
Not Found: /contact/css/flaticon.css
Not Found: /contact/css/icomoon.css
Not Found: /contact/js/jquery.magnific-popup.min.js
Not Found: /contact/js/aos.js
Not Found: /contact/js/scrollax.min.js
Not Found: /contact/js/jquery.min.js
Not Found: /contact/js/jquery-migrate-3.0.1.min.js
Not Found: /contact/js/popper.min.js
Not Found: /contact/js/bootstrap.min.js
Not Found: /contact/js/jquery.easing.1.3.js
Not Found: /contact/js/jquery.waypoints.min.js
Not Found: /contact/js/jquery.stellar.min.js
Not Found: /contact/js/owl.carousel.min.js
Not Found: /contact/js/jquery.animateNumber.min.js
Not Found: /contact/js/bootstrap-datepicker.js
Not Found: /contact/js/jquery.timepicker.min.js
Not Found: /contact/js/google-map.js
Not Found: /contact/js/main.js
Not Found: /contact/images/bg_3.jpg
Not Found: /contact/images/bg_1.jpg
Not Found: /contact/images/image_1.jpg
Not Found: /contact/images/image_2.jpg
Not Found: /contact/css/open-iconic-bootstrap.min.css
Not Found: /contact/css/owl.carousel.min.css
Not Found: /contact/css/animate.css
Not Found: /contact/css/ionicons.min.css
Not Found: /contact/css/aos.css
Not Found: /contact/css/owl.theme.default.min.css
Not Found: /contact/css/magnific-popup.css
Not Found: /contact/css/bootstrap-datepicker.css
Not Found: /contact/css/jquery.timepicker.css
Not Found: /contact/css/flaticon.css
Not Found: /contact/css/icomoon.css
Not Found: /contact/css/style.css
Not Found: /contact/js/jquery.min.js
Not Found: /contact/js/bootstrap-datepicker.js
Not Found: /contact/js/jquery-migrate-3.0.1.min.js
Not Found: /contact/js/popper.min.js
Not Found: /contact/js/bootstrap.min.js
Not Found: /contact/js/jquery.easing.1.3.js
Not Found: /contact/js/jquery.waypoints.min.js
Not Found: /contact/js/jquery.stellar.min.js
Not Found: /contact/js/owl.carousel.min.js
Not Found: /contact/js/jquery.magnific-popup.min.js
Not Found: /contact/js/aos.js
Not Found: /contact/js/jquery.timepicker.min.js
Not Found: /contact/js/jquery.animateNumber.min.js
Not Found: /contact/js/scrollax.min.js
Not Found: /contact/js/google-map.js
Not Found: /contact/js/main.js
Not Found: /contact/images/bg_1.jpg
Not Found: /contact/images/bg_3.jpg
Not Found: /contact/images/image_1.jpg
Not Found: /contact/images/image_2.jpg
Not Found: /images/bg_2.png
Not Found: /images/pizza-4.jpg
Not Found: /images/about.jpg
Not Found: /images/pizza-3.jpg
Not Found: /images/pizza-1.jpg
Not Found: /images/pizza-2.jpg
Not Found: /images/pizza-5.jpg
Not Found: /images/gallery-3.jpg
Not Found: /images/gallery-1.jpg
Not Found: /images/gallery-2.jpg
Not Found: /images/gallery-4.jpg
Not Found: /images/pizza-8.jpg
Not Found: /images/pizza-6.jpg
Not Found: /images/pizza-7.jpg
Not Found: /images/bg_2.jpg
Not Found: /images/image_1.jpg
Not Found: /images/image_2.jpg
Not Found: /images/image_3.jpg
Not Found: /images/bg_1.jpg
Not Found: /images/bg_3.jpg
Not Found: /images/bg_2.png
Not Found: /contact/css/open-iconic-bootstrap.min.css
Not Found: /contact/css/owl.carousel.min.css
Not Found: /contact/css/animate.css
Not Found: /contact/css/bootstrap-datepicker.css
Not Found: /contact/css/owl.theme.default.min.css
Not Found: /contact/css/aos.css
Not Found: /contact/css/magnific-popup.css
Not Found: /contact/css/ionicons.min.css
Not Found: /contact/css/jquery.timepicker.css
Not Found: /contact/css/flaticon.css
Not Found: /contact/css/icomoon.css
Not Found: /contact/css/style.css
Not Found: /contact/js/bootstrap.min.js
Not Found: /contact/js/bootstrap-datepicker.js
Not Found: /contact/js/jquery.waypoints.min.js
Not Found: /contact/js/aos.js
Not Found: /contact/js/jquery.min.js
Not Found: /contact/js/jquery-migrate-3.0.1.min.js
Not Found: /contact/js/popper.min.js
Not Found: /contact/js/jquery.easing.1.3.js
Not Found: /contact/js/jquery.stellar.min.js
Not Found: /contact/js/owl.carousel.min.js
Not Found: /contact/js/jquery.animateNumber.min.js
Not Found: /contact/js/jquery.magnific-popup.min.js
Not Found: /contact/js/jquery.timepicker.min.js
Not Found: /contact/js/scrollax.min.js
Not Found: /contact/js/google-map.js
Not Found: /contact/js/main.js
Not Found: /contact/images/bg_3.jpg
Not Found: /contact/images/bg_1.jpg
Not Found: /contact/images/image_1.jpg
Not Found: /contact/images/image_2.jpg
Not Found: /contact/images/image_2.jpg
Not Found: /contact/images/image_1.jpg
Not Found: /images/bg_2.png
Not Found: /images/about.jpg
Not Found: /images/pizza-1.jpg
Not Found: /images/pizza-2.jpg
Not Found: /images/pizza-3.jpg
Not Found: /images/pizza-4.jpg
Not Found: /images/pizza-5.jpg
Not Found: /images/pizza-6.jpg
Not Found: /images/pizza-7.jpg
Not Found: /images/bg_1.jpg
Not Found: /images/bg_2.jpg
Not Found: /images/bg_3.jpg
Not Found: /images/pizza-8.jpg
Not Found: /images/gallery-1.jpg
Not Found: /images/gallery-2.jpg
Not Found: /images/gallery-3.jpg
Not Found: /images/gallery-4.jpg
Not Found: /images/image_1.jpg
Not Found: /images/image_2.jpg
Not Found: /images/image_3.jpg
Not Found: /images/bg_2.png
Not Found: /images/bg_2.png
Not Found: /images/about.jpg
Not Found: /images/pizza-1.jpg
Not Found: /images/pizza-2.jpg
Not Found: /images/pizza-5.jpg
Not Found: /images/pizza-3.jpg
Not Found: /images/pizza-4.jpg
Not Found: /images/pizza-6.jpg
Not Found: /images/pizza-7.jpg
Not Found: /images/pizza-8.jpg
Not Found: /images/gallery-1.jpg
Not Found: /images/gallery-2.jpg
Not Found: /images/gallery-3.jpg
Not Found: /images/gallery-4.jpg
Not Found: /images/bg_2.jpg
Not Found: /images/image_1.jpg
Not Found: /images/bg_1.jpg
Not Found: /images/image_2.jpg
Not Found: /images/bg_3.jpg
Not Found: /images/image_3.jpg
Not Found: /images/bg_2.png
Not Found: /login/images/image_1.jpg
Not Found: /login/images/image_2.jpg
Not Found: /menu/images/image_1.jpg
Not Found: /menu/images/image_2.jpg
Not Found: /blog/images/image_1.jpg
Not Found: /blog/images/image_2.jpg
Not Found: /blog/images/image_1.jpg
Not Found: /blog/images/image_2.jpg
Internal Server Error: /blog/
Traceback (most recent call last):
  File "C:\Users\kotch\MOVELIKEAPYTHON\venv\Lib\site-packages\django\template\base.py", line 510, in parse
    compile_func = self.tags[command]
                   ~~~~~~~~~^^^^^^^^^
KeyError: 'endfor'

During handling of the above exception, another exception occurred:

Traceback (most recent call last):
  File "C:\Users\kotch\MOVELIKEAPYTHON\venv\Lib\site-packages\django\core\handlers\exception.py", line 55, in inner
    response = get_response(request)
               ^^^^^^^^^^^^^^^^^^^^^
  File "C:\Users\kotch\MOVELIKEAPYTHON\venv\Lib\site-packages\django\core\handlers\base.py", line 220, in _get_response
    response = response.render()
               ^^^^^^^^^^^^^^^^^
  File "C:\Users\kotch\MOVELIKEAPYTHON\venv\Lib\site-packages\django\template\response.py", line 114, in render
    self.content = self.rendered_content
                   ^^^^^^^^^^^^^^^^^^^^^
  File "C:\Users\kotch\MOVELIKEAPYTHON\venv\Lib\site-packages\django\template\response.py", line 90, in rendered_content
    template = self.resolve_template(self.template_name)
               ^^^^^^^^^^^^^^^^^^^^^^^^^^^^^^^^^^^^^^^^^
  File "C:\Users\kotch\MOVELIKEAPYTHON\venv\Lib\site-packages\django\template\response.py", line 72, in resolve_template
    return select_template(template, using=self.using)
           ^^^^^^^^^^^^^^^^^^^^^^^^^^^^^^^^^^^^^^^^^^^
  File "C:\Users\kotch\MOVELIKEAPYTHON\venv\Lib\site-packages\django\template\loader.py", line 42, in select_template
    return engine.get_template(template_name)
           ^^^^^^^^^^^^^^^^^^^^^^^^^^^^^^^^^^
  File "C:\Users\kotch\MOVELIKEAPYTHON\venv\Lib\site-packages\django\template\backends\django.py", line 79, in get_template
    return Template(self.engine.get_template(template_name), self)
                    ^^^^^^^^^^^^^^^^^^^^^^^^^^^^^^^^^^^^^^^
  File "C:\Users\kotch\MOVELIKEAPYTHON\venv\Lib\site-packages\django\template\engine.py", line 177, in get_template
    template, origin = self.find_template(template_name)
                       ^^^^^^^^^^^^^^^^^^^^^^^^^^^^^^^^^
  File "C:\Users\kotch\MOVELIKEAPYTHON\venv\Lib\site-packages\django\template\engine.py", line 159, in find_template
    template = loader.get_template(name, skip=skip)
               ^^^^^^^^^^^^^^^^^^^^^^^^^^^^^^^^^^^^
  File "C:\Users\kotch\MOVELIKEAPYTHON\venv\Lib\site-packages\django\template\loaders\cached.py", line 57, in get_template
    template = super().get_template(template_name, skip)
               ^^^^^^^^^^^^^^^^^^^^^^^^^^^^^^^^^^^^^^^^^
  File "C:\Users\kotch\MOVELIKEAPYTHON\venv\Lib\site-packages\django\template\loaders\base.py", line 28, in get_template
    return Template(
           ^^^^^^^^^
  File "C:\Users\kotch\MOVELIKEAPYTHON\venv\Lib\site-packages\django\template\base.py", line 154, in __init__
    self.nodelist = self.compile_nodelist()
                    ^^^^^^^^^^^^^^^^^^^^^^^
  File "C:\Users\kotch\MOVELIKEAPYTHON\venv\Lib\site-packages\django\template\base.py", line 196, in compile_nodelist
    nodelist = parser.parse()
               ^^^^^^^^^^^^^^
  File "C:\Users\kotch\MOVELIKEAPYTHON\venv\Lib\site-packages\django\template\base.py", line 518, in parse
    raise self.error(token, e)
  File "C:\Users\kotch\MOVELIKEAPYTHON\venv\Lib\site-packages\django\template\base.py", line 516, in parse
    compiled_result = compile_func(self, token)
                      ^^^^^^^^^^^^^^^^^^^^^^^^^
  File "C:\Users\kotch\MOVELIKEAPYTHON\venv\Lib\site-packages\django\template\loader_tags.py", line 299, in do_extends
    nodelist = parser.parse()
               ^^^^^^^^^^^^^^
  File "C:\Users\kotch\MOVELIKEAPYTHON\venv\Lib\site-packages\django\template\base.py", line 518, in parse
    raise self.error(token, e)
  File "C:\Users\kotch\MOVELIKEAPYTHON\venv\Lib\site-packages\django\template\base.py", line 516, in parse
    compiled_result = compile_func(self, token)
                      ^^^^^^^^^^^^^^^^^^^^^^^^^
  File "C:\Users\kotch\MOVELIKEAPYTHON\venv\Lib\site-packages\django\template\loader_tags.py", line 234, in do_block
    nodelist = parser.parse(("endblock",))
               ^^^^^^^^^^^^^^^^^^^^^^^^^^^
  File "C:\Users\kotch\MOVELIKEAPYTHON\venv\Lib\site-packages\django\template\base.py", line 518, in parse
    raise self.error(token, e)
  File "C:\Users\kotch\MOVELIKEAPYTHON\venv\Lib\site-packages\django\template\base.py", line 516, in parse
    compiled_result = compile_func(self, token)
                      ^^^^^^^^^^^^^^^^^^^^^^^^^
  File "C:\Users\kotch\MOVELIKEAPYTHON\venv\Lib\site-packages\django\template\defaulttags.py", line 962, in do_if
    nodelist = parser.parse(("elif", "else", "endif"))
               ^^^^^^^^^^^^^^^^^^^^^^^^^^^^^^^^^^^^^^^
  File "C:\Users\kotch\MOVELIKEAPYTHON\venv\Lib\site-packages\django\template\base.py", line 518, in parse
    raise self.error(token, e)
  File "C:\Users\kotch\MOVELIKEAPYTHON\venv\Lib\site-packages\django\template\base.py", line 516, in parse
    compiled_result = compile_func(self, token)
                      ^^^^^^^^^^^^^^^^^^^^^^^^^
  File "C:\Users\kotch\MOVELIKEAPYTHON\venv\Lib\site-packages\django\template\defaulttags.py", line 862, in do_for
    nodelist_loop = parser.parse(
                    ^^^^^^^^^^^^^
  File "C:\Users\kotch\MOVELIKEAPYTHON\venv\Lib\site-packages\django\template\base.py", line 518, in parse
    raise self.error(token, e)
  File "C:\Users\kotch\MOVELIKEAPYTHON\venv\Lib\site-packages\django\template\base.py", line 516, in parse
    compiled_result = compile_func(self, token)
                      ^^^^^^^^^^^^^^^^^^^^^^^^^
  File "C:\Users\kotch\MOVELIKEAPYTHON\venv\Lib\site-packages\django\template\defaulttags.py", line 976, in do_if
    nodelist = parser.parse(("endif",))
               ^^^^^^^^^^^^^^^^^^^^^^^^
  File "C:\Users\kotch\MOVELIKEAPYTHON\venv\Lib\site-packages\django\template\base.py", line 512, in parse
    self.invalid_block_tag(token, command, parse_until)
  File "C:\Users\kotch\MOVELIKEAPYTHON\venv\Lib\site-packages\django\template\base.py", line 567, in invalid_block_tag
    raise self.error(
django.template.exceptions.TemplateSyntaxError: Invalid block tag on line 115: 'endfor', expected 'endif'. Did you forget to register or load this tag?
Not Found: /blog/images/image_1.jpg
Not Found: /blog/images/image_2.jpg
Not Found: /blog/images/image_2.jpg
Not Found: /blog/images/image_1.jpg
Not Found: /blog/images/image_1.jpg
Not Found: /blog/images/image_2.jpg
Not Found: /blog/images/image_1.jpg
Not Found: /blog/images/image_2.jpg
Not Found: /blog/images/image_1.jpg
Not Found: /blog/images/image_2.jpg
Not Found: /blog/images/image_1.jpg
Not Found: /blog/images/image_2.jpg
Not Found: /images/bg_2.png
Not Found: /images/about.jpg
Not Found: /images/pizza-1.jpg
Not Found: /images/pizza-2.jpg
Not Found: /images/pizza-3.jpg
Not Found: /images/pizza-5.jpg
Not Found: /images/pizza-6.jpg
Not Found: /images/pizza-4.jpg
Not Found: /images/bg_1.jpg
Not Found: /images/bg_2.jpg
Not Found: /images/bg_3.jpg
Not Found: /images/pizza-7.jpg
Not Found: /images/pizza-8.jpg
Not Found: /images/gallery-1.jpg
Not Found: /images/gallery-2.jpg
Not Found: /images/bg_2.png
Not Found: /images/gallery-3.jpg
Not Found: /images/gallery-4.jpg
Not Found: /images/image_1.jpg
Not Found: /images/image_2.jpg
Not Found: /images/image_3.jpg
Not Found: /menu/images/image_2.jpg
Not Found: /menu/images/image_1.jpg
Not Found: /blog/images/image_1.jpg
Not Found: /blog/images/image_2.jpg
Not Found: /menu/images/image_1.jpg
Not Found: /menu/images/image_2.jpg
Not Found: /contact/images/image_1.jpg
Not Found: /contact/images/image_2.jpg
Not Found: /contact/images/image_2.jpg
Not Found: /contact/images/image_1.jpg
Not Found: /blog/images/image_1.jpg
Not Found: /blog/images/image_2.jpg
C:\Users\kotch\MOVELIKEAPYTHON\restaurant_project\restaurant\urls.py changed, reloading.
Watching for file changes with StatReloader
C:\Users\kotch\MOVELIKEAPYTHON\restaurant_project\restaurant\urls.py changed, reloading.
Watching for file changes with StatReloader
C:\Users\kotch\MOVELIKEAPYTHON\restaurant_project\restaurant\views.py changed, reloading.
Watching for file changes with StatReloader
C:\Users\kotch\MOVELIKEAPYTHON\restaurant_project\restaurant\views.py changed, reloading.
Watching for file changes with StatReloader
C:\Users\kotch\MOVELIKEAPYTHON\restaurant_project\restaurant\views.py changed, reloading.
Watching for file changes with StatReloader
C:\Users\kotch\MOVELIKEAPYTHON\restaurant_project\restaurant\views.py changed, reloading.
Watching for file changes with StatReloader
C:\Users\kotch\MOVELIKEAPYTHON\restaurant_project\restaurant\views.py changed, reloading.
Watching for file changes with StatReloader
C:\Users\kotch\MOVELIKEAPYTHON\restaurant_project\restaurant\views.py changed, reloading.
Watching for file changes with StatReloader
C:\Users\kotch\MOVELIKEAPYTHON\restaurant_project\restaurant\views.py changed, reloading.
Watching for file changes with StatReloader
C:\Users\kotch\MOVELIKEAPYTHON\restaurant_project\restaurant\views.py changed, reloading.
Watching for file changes with StatReloader
C:\Users\kotch\MOVELIKEAPYTHON\restaurant_project\restaurant\views.py changed, reloading.
Watching for file changes with StatReloader
C:\Users\kotch\MOVELIKEAPYTHON\restaurant_project\restaurant\views.py changed, reloading.
Watching for file changes with StatReloader
Not Found: /images/bg_2.png
Not Found: /images/about.jpg
Not Found: /images/pizza-1.jpg
Not Found: /images/pizza-2.jpg
Not Found: /images/pizza-3.jpg
Not Found: /images/pizza-6.jpg
Not Found: /images/pizza-5.jpg
Not Found: /images/pizza-4.jpg
Not Found: /images/pizza-7.jpg
Not Found: /images/pizza-8.jpg
Not Found: /images/gallery-1.jpg
Not Found: /images/gallery-2.jpg
Not Found: /images/gallery-3.jpg
Not Found: /images/gallery-4.jpg
Not Found: /images/bg_2.jpg
Not Found: /images/image_1.jpg
Not Found: /images/image_2.jpg
Not Found: /images/image_3.jpg
Not Found: /images/bg_1.jpg
Not Found: /images/bg_3.jpg
Not Found: /images/bg_2.png
Not Found: /images/bg_2.png
Not Found: /images/bg_2.png
Not Found: /images/about.jpg
Not Found: /images/pizza-5.jpg
Not Found: /images/pizza-1.jpg
Not Found: /images/pizza-2.jpg
Not Found: /images/pizza-4.jpg
Not Found: /images/pizza-3.jpg
Not Found: /images/bg_1.jpg
Not Found: /images/bg_3.jpg
Not Found: /images/bg_2.jpg
Not Found: /images/pizza-6.jpg
Not Found: /images/pizza-7.jpg
Not Found: /images/pizza-8.jpg
Not Found: /images/gallery-1.jpg
Not Found: /images/gallery-2.jpg
Not Found: /images/gallery-3.jpg
Not Found: /images/gallery-4.jpg
Not Found: /images/image_1.jpg
Not Found: /images/image_2.jpg
Not Found: /images/image_3.jpg
Not Found: /images/bg_2.png
Not Found: /images/bg_2.png
Not Found: /images/about.jpg
Not Found: /images/pizza-2.jpg
Not Found: /images/pizza-1.jpg
Not Found: /images/pizza-4.jpg
Not Found: /images/pizza-3.jpg
Not Found: /images/pizza-5.jpg
Not Found: /images/bg_1.jpg
Not Found: /images/bg_2.jpg
Not Found: /images/bg_3.jpg
Not Found: /images/pizza-6.jpg
Not Found: /images/pizza-7.jpg
Not Found: /images/pizza-8.jpg
Not Found: /images/gallery-1.jpg
Not Found: /images/gallery-3.jpg
Not Found: /images/gallery-2.jpg
Not Found: /images/gallery-4.jpg
Not Found: /images/image_1.jpg
Not Found: /images/image_2.jpg
Not Found: /images/bg_2.png
Not Found: /images/image_3.jpg
Simulation de paiement Orange Money pour SK, montant: 22.90 FCFA
Internal Server Error: /passer_commande/
Traceback (most recent call last):
  File "C:\Users\kotch\MOVELIKEAPYTHON\venv\Lib\site-packages\django\core\handlers\exception.py", line 55, in inner
    response = get_response(request)
               ^^^^^^^^^^^^^^^^^^^^^
  File "C:\Users\kotch\MOVELIKEAPYTHON\venv\Lib\site-packages\django\core\handlers\base.py", line 197, in _get_response
    response = wrapped_callback(request, *callback_args, **callback_kwargs)
               ^^^^^^^^^^^^^^^^^^^^^^^^^^^^^^^^^^^^^^^^^^^^^^^^^^^^^^^^^^^^
  File "C:\Users\kotch\MOVELIKEAPYTHON\venv\Lib\site-packages\django\contrib\auth\decorators.py", line 59, in _view_wrapper
    return view_func(request, *args, **kwargs)
           ^^^^^^^^^^^^^^^^^^^^^^^^^^^^^^^^^^^
  File "C:\Users\kotch\MOVELIKEAPYTHON\restaurant_project\restaurant\views.py", line 312, in passer_commande
    ).latest('date_creation')
      ^^^^^^^^^^^^^^^^^^^^^^^
  File "C:\Users\kotch\MOVELIKEAPYTHON\venv\Lib\site-packages\django\db\models\query.py", line 1092, in latest
    return self.reverse()._earliest(*fields)
           ^^^^^^^^^^^^^^^^^^^^^^^^^^^^^^^^^
  File "C:\Users\kotch\MOVELIKEAPYTHON\venv\Lib\site-packages\django\db\models\query.py", line 1074, in _earliest
    obj.query.add_ordering(*order_by)
  File "C:\Users\kotch\MOVELIKEAPYTHON\venv\Lib\site-packages\django\db\models\sql\query.py", line 2288, in add_ordering
    self.names_to_path(item.split(LOOKUP_SEP), self.model._meta)
  File "C:\Users\kotch\MOVELIKEAPYTHON\venv\Lib\site-packages\django\db\models\sql\query.py", line 1802, in names_to_path
    raise FieldError(
django.core.exceptions.FieldError: Cannot resolve keyword 'date_creation' into field. Choices are: date, id, statut, total, utilisateur, utilisateur_id
C:\Users\kotch\MOVELIKEAPYTHON\restaurant_project\restaurant\views.py changed, reloading.
Watching for file changes with StatReloader
Internal Server Error: /passer_commande/
Traceback (most recent call last):
  File "C:\Users\kotch\MOVELIKEAPYTHON\venv\Lib\site-packages\django\core\handlers\exception.py", line 55, in inner
    response = get_response(request)
               ^^^^^^^^^^^^^^^^^^^^^
  File "C:\Users\kotch\MOVELIKEAPYTHON\venv\Lib\site-packages\django\core\handlers\base.py", line 197, in _get_response
    response = wrapped_callback(request, *callback_args, **callback_kwargs)
               ^^^^^^^^^^^^^^^^^^^^^^^^^^^^^^^^^^^^^^^^^^^^^^^^^^^^^^^^^^^^
  File "C:\Users\kotch\MOVELIKEAPYTHON\venv\Lib\site-packages\django\contrib\auth\decorators.py", line 59, in _view_wrapper
    return view_func(request, *args, **kwargs)
           ^^^^^^^^^^^^^^^^^^^^^^^^^^^^^^^^^^^
  File "C:\Users\kotch\MOVELIKEAPYTHON\restaurant_project\restaurant\views.py", line 273, in passer_commande
    return render(request, 'restaurant/panier.html', {
           ^^^^^^^^^^^^^^^^^^^^^^^^^^^^^^^^^^^^^^^^^^^
  File "C:\Users\kotch\MOVELIKEAPYTHON\venv\Lib\site-packages\django\shortcuts.py", line 25, in render
    content = loader.render_to_string(template_name, context, request, using=using)
              ^^^^^^^^^^^^^^^^^^^^^^^^^^^^^^^^^^^^^^^^^^^^^^^^^^^^^^^^^^^^^^^^^^^^^
  File "C:\Users\kotch\MOVELIKEAPYTHON\venv\Lib\site-packages\django\template\loader.py", line 61, in render_to_string
    template = get_template(template_name, using=using)
               ^^^^^^^^^^^^^^^^^^^^^^^^^^^^^^^^^^^^^^^^
  File "C:\Users\kotch\MOVELIKEAPYTHON\venv\Lib\site-packages\django\template\loader.py", line 15, in get_template
    return engine.get_template(template_name)
           ^^^^^^^^^^^^^^^^^^^^^^^^^^^^^^^^^^
  File "C:\Users\kotch\MOVELIKEAPYTHON\venv\Lib\site-packages\django\template\backends\django.py", line 79, in get_template
    return Template(self.engine.get_template(template_name), self)
                    ^^^^^^^^^^^^^^^^^^^^^^^^^^^^^^^^^^^^^^^
  File "C:\Users\kotch\MOVELIKEAPYTHON\venv\Lib\site-packages\django\template\engine.py", line 177, in get_template
    template, origin = self.find_template(template_name)
                       ^^^^^^^^^^^^^^^^^^^^^^^^^^^^^^^^^
  File "C:\Users\kotch\MOVELIKEAPYTHON\venv\Lib\site-packages\django\template\engine.py", line 159, in find_template
    template = loader.get_template(name, skip=skip)
               ^^^^^^^^^^^^^^^^^^^^^^^^^^^^^^^^^^^^
  File "C:\Users\kotch\MOVELIKEAPYTHON\venv\Lib\site-packages\django\template\loaders\cached.py", line 57, in get_template
    template = super().get_template(template_name, skip)
               ^^^^^^^^^^^^^^^^^^^^^^^^^^^^^^^^^^^^^^^^^
  File "C:\Users\kotch\MOVELIKEAPYTHON\venv\Lib\site-packages\django\template\loaders\base.py", line 28, in get_template
    return Template(
           ^^^^^^^^^
  File "C:\Users\kotch\MOVELIKEAPYTHON\venv\Lib\site-packages\django\template\base.py", line 154, in __init__
    self.nodelist = self.compile_nodelist()
                    ^^^^^^^^^^^^^^^^^^^^^^^
  File "C:\Users\kotch\MOVELIKEAPYTHON\venv\Lib\site-packages\django\template\base.py", line 196, in compile_nodelist
    nodelist = parser.parse()
               ^^^^^^^^^^^^^^
  File "C:\Users\kotch\MOVELIKEAPYTHON\venv\Lib\site-packages\django\template\base.py", line 518, in parse
    raise self.error(token, e)
  File "C:\Users\kotch\MOVELIKEAPYTHON\venv\Lib\site-packages\django\template\base.py", line 516, in parse
    compiled_result = compile_func(self, token)
                      ^^^^^^^^^^^^^^^^^^^^^^^^^
  File "C:\Users\kotch\MOVELIKEAPYTHON\venv\Lib\site-packages\django\template\loader_tags.py", line 299, in do_extends
    nodelist = parser.parse()
               ^^^^^^^^^^^^^^
  File "C:\Users\kotch\MOVELIKEAPYTHON\venv\Lib\site-packages\django\template\base.py", line 518, in parse
    raise self.error(token, e)
  File "C:\Users\kotch\MOVELIKEAPYTHON\venv\Lib\site-packages\django\template\base.py", line 516, in parse
    compiled_result = compile_func(self, token)
                      ^^^^^^^^^^^^^^^^^^^^^^^^^
  File "C:\Users\kotch\MOVELIKEAPYTHON\venv\Lib\site-packages\django\template\loader_tags.py", line 234, in do_block
    nodelist = parser.parse(("endblock",))
               ^^^^^^^^^^^^^^^^^^^^^^^^^^^
  File "C:\Users\kotch\MOVELIKEAPYTHON\venv\Lib\site-packages\django\template\base.py", line 523, in parse
    self.unclosed_block_tag(parse_until)
  File "C:\Users\kotch\MOVELIKEAPYTHON\venv\Lib\site-packages\django\template\base.py", line 590, in unclosed_block_tag
    raise self.error(token, msg)
django.template.exceptions.TemplateSyntaxError: Unclosed tag on line 8: 'block'. Looking for one of: endblock.
Internal Server Error: /passer_commande/
Traceback (most recent call last):
  File "C:\Users\kotch\MOVELIKEAPYTHON\venv\Lib\site-packages\django\core\handlers\exception.py", line 55, in inner
    response = get_response(request)
               ^^^^^^^^^^^^^^^^^^^^^
  File "C:\Users\kotch\MOVELIKEAPYTHON\venv\Lib\site-packages\django\core\handlers\base.py", line 197, in _get_response
    response = wrapped_callback(request, *callback_args, **callback_kwargs)
               ^^^^^^^^^^^^^^^^^^^^^^^^^^^^^^^^^^^^^^^^^^^^^^^^^^^^^^^^^^^^
  File "C:\Users\kotch\MOVELIKEAPYTHON\venv\Lib\site-packages\django\contrib\auth\decorators.py", line 59, in _view_wrapper
    return view_func(request, *args, **kwargs)
           ^^^^^^^^^^^^^^^^^^^^^^^^^^^^^^^^^^^
  File "C:\Users\kotch\MOVELIKEAPYTHON\restaurant_project\restaurant\views.py", line 273, in passer_commande
    return render(request, 'restaurant/panier.html', {
           ^^^^^^^^^^^^^^^^^^^^^^^^^^^^^^^^^^^^^^^^^^^
  File "C:\Users\kotch\MOVELIKEAPYTHON\venv\Lib\site-packages\django\shortcuts.py", line 25, in render
    content = loader.render_to_string(template_name, context, request, using=using)
              ^^^^^^^^^^^^^^^^^^^^^^^^^^^^^^^^^^^^^^^^^^^^^^^^^^^^^^^^^^^^^^^^^^^^^
  File "C:\Users\kotch\MOVELIKEAPYTHON\venv\Lib\site-packages\django\template\loader.py", line 61, in render_to_string
    template = get_template(template_name, using=using)
               ^^^^^^^^^^^^^^^^^^^^^^^^^^^^^^^^^^^^^^^^
  File "C:\Users\kotch\MOVELIKEAPYTHON\venv\Lib\site-packages\django\template\loader.py", line 15, in get_template
    return engine.get_template(template_name)
           ^^^^^^^^^^^^^^^^^^^^^^^^^^^^^^^^^^
  File "C:\Users\kotch\MOVELIKEAPYTHON\venv\Lib\site-packages\django\template\backends\django.py", line 79, in get_template
    return Template(self.engine.get_template(template_name), self)
                    ^^^^^^^^^^^^^^^^^^^^^^^^^^^^^^^^^^^^^^^
  File "C:\Users\kotch\MOVELIKEAPYTHON\venv\Lib\site-packages\django\template\engine.py", line 177, in get_template
    template, origin = self.find_template(template_name)
                       ^^^^^^^^^^^^^^^^^^^^^^^^^^^^^^^^^
  File "C:\Users\kotch\MOVELIKEAPYTHON\venv\Lib\site-packages\django\template\engine.py", line 159, in find_template
    template = loader.get_template(name, skip=skip)
               ^^^^^^^^^^^^^^^^^^^^^^^^^^^^^^^^^^^^
  File "C:\Users\kotch\MOVELIKEAPYTHON\venv\Lib\site-packages\django\template\loaders\cached.py", line 57, in get_template
    template = super().get_template(template_name, skip)
               ^^^^^^^^^^^^^^^^^^^^^^^^^^^^^^^^^^^^^^^^^
  File "C:\Users\kotch\MOVELIKEAPYTHON\venv\Lib\site-packages\django\template\loaders\base.py", line 28, in get_template
    return Template(
           ^^^^^^^^^
  File "C:\Users\kotch\MOVELIKEAPYTHON\venv\Lib\site-packages\django\template\base.py", line 154, in __init__
    self.nodelist = self.compile_nodelist()
                    ^^^^^^^^^^^^^^^^^^^^^^^
  File "C:\Users\kotch\MOVELIKEAPYTHON\venv\Lib\site-packages\django\template\base.py", line 196, in compile_nodelist
    nodelist = parser.parse()
               ^^^^^^^^^^^^^^
  File "C:\Users\kotch\MOVELIKEAPYTHON\venv\Lib\site-packages\django\template\base.py", line 518, in parse
    raise self.error(token, e)
  File "C:\Users\kotch\MOVELIKEAPYTHON\venv\Lib\site-packages\django\template\base.py", line 516, in parse
    compiled_result = compile_func(self, token)
                      ^^^^^^^^^^^^^^^^^^^^^^^^^
  File "C:\Users\kotch\MOVELIKEAPYTHON\venv\Lib\site-packages\django\template\loader_tags.py", line 299, in do_extends
    nodelist = parser.parse()
               ^^^^^^^^^^^^^^
  File "C:\Users\kotch\MOVELIKEAPYTHON\venv\Lib\site-packages\django\template\base.py", line 518, in parse
    raise self.error(token, e)
  File "C:\Users\kotch\MOVELIKEAPYTHON\venv\Lib\site-packages\django\template\base.py", line 516, in parse
    compiled_result = compile_func(self, token)
                      ^^^^^^^^^^^^^^^^^^^^^^^^^
  File "C:\Users\kotch\MOVELIKEAPYTHON\venv\Lib\site-packages\django\template\loader_tags.py", line 234, in do_block
    nodelist = parser.parse(("endblock",))
               ^^^^^^^^^^^^^^^^^^^^^^^^^^^
  File "C:\Users\kotch\MOVELIKEAPYTHON\venv\Lib\site-packages\django\template\base.py", line 523, in parse
    self.unclosed_block_tag(parse_until)
  File "C:\Users\kotch\MOVELIKEAPYTHON\venv\Lib\site-packages\django\template\base.py", line 590, in unclosed_block_tag
    raise self.error(token, msg)
django.template.exceptions.TemplateSyntaxError: Unclosed tag on line 8: 'block'. Looking for one of: endblock.
Internal Server Error: /passer_commande/
Traceback (most recent call last):
  File "C:\Users\kotch\MOVELIKEAPYTHON\venv\Lib\site-packages\django\core\handlers\exception.py", line 55, in inner
    response = get_response(request)
               ^^^^^^^^^^^^^^^^^^^^^
  File "C:\Users\kotch\MOVELIKEAPYTHON\venv\Lib\site-packages\django\core\handlers\base.py", line 197, in _get_response
    response = wrapped_callback(request, *callback_args, **callback_kwargs)
               ^^^^^^^^^^^^^^^^^^^^^^^^^^^^^^^^^^^^^^^^^^^^^^^^^^^^^^^^^^^^
  File "C:\Users\kotch\MOVELIKEAPYTHON\venv\Lib\site-packages\django\contrib\auth\decorators.py", line 59, in _view_wrapper
    return view_func(request, *args, **kwargs)
           ^^^^^^^^^^^^^^^^^^^^^^^^^^^^^^^^^^^
  File "C:\Users\kotch\MOVELIKEAPYTHON\restaurant_project\restaurant\views.py", line 273, in passer_commande
    return render(request, 'restaurant/panier.html', {
           ^^^^^^^^^^^^^^^^^^^^^^^^^^^^^^^^^^^^^^^^^^^
  File "C:\Users\kotch\MOVELIKEAPYTHON\venv\Lib\site-packages\django\shortcuts.py", line 25, in render
    content = loader.render_to_string(template_name, context, request, using=using)
              ^^^^^^^^^^^^^^^^^^^^^^^^^^^^^^^^^^^^^^^^^^^^^^^^^^^^^^^^^^^^^^^^^^^^^
  File "C:\Users\kotch\MOVELIKEAPYTHON\venv\Lib\site-packages\django\template\loader.py", line 61, in render_to_string
    template = get_template(template_name, using=using)
               ^^^^^^^^^^^^^^^^^^^^^^^^^^^^^^^^^^^^^^^^
  File "C:\Users\kotch\MOVELIKEAPYTHON\venv\Lib\site-packages\django\template\loader.py", line 15, in get_template
    return engine.get_template(template_name)
           ^^^^^^^^^^^^^^^^^^^^^^^^^^^^^^^^^^
  File "C:\Users\kotch\MOVELIKEAPYTHON\venv\Lib\site-packages\django\template\backends\django.py", line 79, in get_template
    return Template(self.engine.get_template(template_name), self)
                    ^^^^^^^^^^^^^^^^^^^^^^^^^^^^^^^^^^^^^^^
  File "C:\Users\kotch\MOVELIKEAPYTHON\venv\Lib\site-packages\django\template\engine.py", line 177, in get_template
    template, origin = self.find_template(template_name)
                       ^^^^^^^^^^^^^^^^^^^^^^^^^^^^^^^^^
  File "C:\Users\kotch\MOVELIKEAPYTHON\venv\Lib\site-packages\django\template\engine.py", line 159, in find_template
    template = loader.get_template(name, skip=skip)
               ^^^^^^^^^^^^^^^^^^^^^^^^^^^^^^^^^^^^
  File "C:\Users\kotch\MOVELIKEAPYTHON\venv\Lib\site-packages\django\template\loaders\cached.py", line 57, in get_template
    template = super().get_template(template_name, skip)
               ^^^^^^^^^^^^^^^^^^^^^^^^^^^^^^^^^^^^^^^^^
  File "C:\Users\kotch\MOVELIKEAPYTHON\venv\Lib\site-packages\django\template\loaders\base.py", line 28, in get_template
    return Template(
           ^^^^^^^^^
  File "C:\Users\kotch\MOVELIKEAPYTHON\venv\Lib\site-packages\django\template\base.py", line 154, in __init__
    self.nodelist = self.compile_nodelist()
                    ^^^^^^^^^^^^^^^^^^^^^^^
  File "C:\Users\kotch\MOVELIKEAPYTHON\venv\Lib\site-packages\django\template\base.py", line 196, in compile_nodelist
    nodelist = parser.parse()
               ^^^^^^^^^^^^^^
  File "C:\Users\kotch\MOVELIKEAPYTHON\venv\Lib\site-packages\django\template\base.py", line 518, in parse
    raise self.error(token, e)
  File "C:\Users\kotch\MOVELIKEAPYTHON\venv\Lib\site-packages\django\template\base.py", line 516, in parse
    compiled_result = compile_func(self, token)
                      ^^^^^^^^^^^^^^^^^^^^^^^^^
  File "C:\Users\kotch\MOVELIKEAPYTHON\venv\Lib\site-packages\django\template\loader_tags.py", line 299, in do_extends
    nodelist = parser.parse()
               ^^^^^^^^^^^^^^
  File "C:\Users\kotch\MOVELIKEAPYTHON\venv\Lib\site-packages\django\template\base.py", line 518, in parse
    raise self.error(token, e)
  File "C:\Users\kotch\MOVELIKEAPYTHON\venv\Lib\site-packages\django\template\base.py", line 516, in parse
    compiled_result = compile_func(self, token)
                      ^^^^^^^^^^^^^^^^^^^^^^^^^
  File "C:\Users\kotch\MOVELIKEAPYTHON\venv\Lib\site-packages\django\template\loader_tags.py", line 234, in do_block
    nodelist = parser.parse(("endblock",))
               ^^^^^^^^^^^^^^^^^^^^^^^^^^^
  File "C:\Users\kotch\MOVELIKEAPYTHON\venv\Lib\site-packages\django\template\base.py", line 523, in parse
    self.unclosed_block_tag(parse_until)
  File "C:\Users\kotch\MOVELIKEAPYTHON\venv\Lib\site-packages\django\template\base.py", line 590, in unclosed_block_tag
    raise self.error(token, msg)
django.template.exceptions.TemplateSyntaxError: Unclosed tag on line 8: 'block'. Looking for one of: endblock.
Internal Server Error: /passer_commande/
Traceback (most recent call last):
  File "C:\Users\kotch\MOVELIKEAPYTHON\venv\Lib\site-packages\django\core\handlers\exception.py", line 55, in inner
    response = get_response(request)
               ^^^^^^^^^^^^^^^^^^^^^
  File "C:\Users\kotch\MOVELIKEAPYTHON\venv\Lib\site-packages\django\core\handlers\base.py", line 197, in _get_response
    response = wrapped_callback(request, *callback_args, **callback_kwargs)
               ^^^^^^^^^^^^^^^^^^^^^^^^^^^^^^^^^^^^^^^^^^^^^^^^^^^^^^^^^^^^
  File "C:\Users\kotch\MOVELIKEAPYTHON\venv\Lib\site-packages\django\contrib\auth\decorators.py", line 59, in _view_wrapper
    return view_func(request, *args, **kwargs)
           ^^^^^^^^^^^^^^^^^^^^^^^^^^^^^^^^^^^
  File "C:\Users\kotch\MOVELIKEAPYTHON\restaurant_project\restaurant\views.py", line 273, in passer_commande
    return render(request, 'restaurant/panier.html', {
           ^^^^^^^^^^^^^^^^^^^^^^^^^^^^^^^^^^^^^^^^^^^
  File "C:\Users\kotch\MOVELIKEAPYTHON\venv\Lib\site-packages\django\shortcuts.py", line 25, in render
    content = loader.render_to_string(template_name, context, request, using=using)
              ^^^^^^^^^^^^^^^^^^^^^^^^^^^^^^^^^^^^^^^^^^^^^^^^^^^^^^^^^^^^^^^^^^^^^
  File "C:\Users\kotch\MOVELIKEAPYTHON\venv\Lib\site-packages\django\template\loader.py", line 61, in render_to_string
    template = get_template(template_name, using=using)
               ^^^^^^^^^^^^^^^^^^^^^^^^^^^^^^^^^^^^^^^^
  File "C:\Users\kotch\MOVELIKEAPYTHON\venv\Lib\site-packages\django\template\loader.py", line 15, in get_template
    return engine.get_template(template_name)
           ^^^^^^^^^^^^^^^^^^^^^^^^^^^^^^^^^^
  File "C:\Users\kotch\MOVELIKEAPYTHON\venv\Lib\site-packages\django\template\backends\django.py", line 79, in get_template
    return Template(self.engine.get_template(template_name), self)
                    ^^^^^^^^^^^^^^^^^^^^^^^^^^^^^^^^^^^^^^^
  File "C:\Users\kotch\MOVELIKEAPYTHON\venv\Lib\site-packages\django\template\engine.py", line 177, in get_template
    template, origin = self.find_template(template_name)
                       ^^^^^^^^^^^^^^^^^^^^^^^^^^^^^^^^^
  File "C:\Users\kotch\MOVELIKEAPYTHON\venv\Lib\site-packages\django\template\engine.py", line 159, in find_template
    template = loader.get_template(name, skip=skip)
               ^^^^^^^^^^^^^^^^^^^^^^^^^^^^^^^^^^^^
  File "C:\Users\kotch\MOVELIKEAPYTHON\venv\Lib\site-packages\django\template\loaders\cached.py", line 57, in get_template
    template = super().get_template(template_name, skip)
               ^^^^^^^^^^^^^^^^^^^^^^^^^^^^^^^^^^^^^^^^^
  File "C:\Users\kotch\MOVELIKEAPYTHON\venv\Lib\site-packages\django\template\loaders\base.py", line 28, in get_template
    return Template(
           ^^^^^^^^^
  File "C:\Users\kotch\MOVELIKEAPYTHON\venv\Lib\site-packages\django\template\base.py", line 154, in __init__
    self.nodelist = self.compile_nodelist()
                    ^^^^^^^^^^^^^^^^^^^^^^^
  File "C:\Users\kotch\MOVELIKEAPYTHON\venv\Lib\site-packages\django\template\base.py", line 196, in compile_nodelist
    nodelist = parser.parse()
               ^^^^^^^^^^^^^^
  File "C:\Users\kotch\MOVELIKEAPYTHON\venv\Lib\site-packages\django\template\base.py", line 518, in parse
    raise self.error(token, e)
  File "C:\Users\kotch\MOVELIKEAPYTHON\venv\Lib\site-packages\django\template\base.py", line 516, in parse
    compiled_result = compile_func(self, token)
                      ^^^^^^^^^^^^^^^^^^^^^^^^^
  File "C:\Users\kotch\MOVELIKEAPYTHON\venv\Lib\site-packages\django\template\loader_tags.py", line 299, in do_extends
    nodelist = parser.parse()
               ^^^^^^^^^^^^^^
  File "C:\Users\kotch\MOVELIKEAPYTHON\venv\Lib\site-packages\django\template\base.py", line 518, in parse
    raise self.error(token, e)
  File "C:\Users\kotch\MOVELIKEAPYTHON\venv\Lib\site-packages\django\template\base.py", line 516, in parse
    compiled_result = compile_func(self, token)
                      ^^^^^^^^^^^^^^^^^^^^^^^^^
  File "C:\Users\kotch\MOVELIKEAPYTHON\venv\Lib\site-packages\django\template\loader_tags.py", line 234, in do_block
    nodelist = parser.parse(("endblock",))
               ^^^^^^^^^^^^^^^^^^^^^^^^^^^
  File "C:\Users\kotch\MOVELIKEAPYTHON\venv\Lib\site-packages\django\template\base.py", line 523, in parse
    self.unclosed_block_tag(parse_until)
  File "C:\Users\kotch\MOVELIKEAPYTHON\venv\Lib\site-packages\django\template\base.py", line 590, in unclosed_block_tag
    raise self.error(token, msg)
django.template.exceptions.TemplateSyntaxError: Unclosed tag on line 8: 'block'. Looking for one of: endblock.
Internal Server Error: /passer_commande/
Traceback (most recent call last):
  File "C:\Users\kotch\MOVELIKEAPYTHON\venv\Lib\site-packages\django\core\handlers\exception.py", line 55, in inner
    response = get_response(request)
               ^^^^^^^^^^^^^^^^^^^^^
  File "C:\Users\kotch\MOVELIKEAPYTHON\venv\Lib\site-packages\django\core\handlers\base.py", line 197, in _get_response
    response = wrapped_callback(request, *callback_args, **callback_kwargs)
               ^^^^^^^^^^^^^^^^^^^^^^^^^^^^^^^^^^^^^^^^^^^^^^^^^^^^^^^^^^^^
  File "C:\Users\kotch\MOVELIKEAPYTHON\venv\Lib\site-packages\django\contrib\auth\decorators.py", line 59, in _view_wrapper
    return view_func(request, *args, **kwargs)
           ^^^^^^^^^^^^^^^^^^^^^^^^^^^^^^^^^^^
  File "C:\Users\kotch\MOVELIKEAPYTHON\restaurant_project\restaurant\views.py", line 273, in passer_commande
    return render(request, 'restaurant/panier.html', {
           ^^^^^^^^^^^^^^^^^^^^^^^^^^^^^^^^^^^^^^^^^^^
  File "C:\Users\kotch\MOVELIKEAPYTHON\venv\Lib\site-packages\django\shortcuts.py", line 25, in render
    content = loader.render_to_string(template_name, context, request, using=using)
              ^^^^^^^^^^^^^^^^^^^^^^^^^^^^^^^^^^^^^^^^^^^^^^^^^^^^^^^^^^^^^^^^^^^^^
  File "C:\Users\kotch\MOVELIKEAPYTHON\venv\Lib\site-packages\django\template\loader.py", line 61, in render_to_string
    template = get_template(template_name, using=using)
               ^^^^^^^^^^^^^^^^^^^^^^^^^^^^^^^^^^^^^^^^
  File "C:\Users\kotch\MOVELIKEAPYTHON\venv\Lib\site-packages\django\template\loader.py", line 15, in get_template
    return engine.get_template(template_name)
           ^^^^^^^^^^^^^^^^^^^^^^^^^^^^^^^^^^
  File "C:\Users\kotch\MOVELIKEAPYTHON\venv\Lib\site-packages\django\template\backends\django.py", line 79, in get_template
    return Template(self.engine.get_template(template_name), self)
                    ^^^^^^^^^^^^^^^^^^^^^^^^^^^^^^^^^^^^^^^
  File "C:\Users\kotch\MOVELIKEAPYTHON\venv\Lib\site-packages\django\template\engine.py", line 177, in get_template
    template, origin = self.find_template(template_name)
                       ^^^^^^^^^^^^^^^^^^^^^^^^^^^^^^^^^
  File "C:\Users\kotch\MOVELIKEAPYTHON\venv\Lib\site-packages\django\template\engine.py", line 159, in find_template
    template = loader.get_template(name, skip=skip)
               ^^^^^^^^^^^^^^^^^^^^^^^^^^^^^^^^^^^^
  File "C:\Users\kotch\MOVELIKEAPYTHON\venv\Lib\site-packages\django\template\loaders\cached.py", line 57, in get_template
    template = super().get_template(template_name, skip)
               ^^^^^^^^^^^^^^^^^^^^^^^^^^^^^^^^^^^^^^^^^
  File "C:\Users\kotch\MOVELIKEAPYTHON\venv\Lib\site-packages\django\template\loaders\base.py", line 28, in get_template
    return Template(
           ^^^^^^^^^
  File "C:\Users\kotch\MOVELIKEAPYTHON\venv\Lib\site-packages\django\template\base.py", line 154, in __init__
    self.nodelist = self.compile_nodelist()
                    ^^^^^^^^^^^^^^^^^^^^^^^
  File "C:\Users\kotch\MOVELIKEAPYTHON\venv\Lib\site-packages\django\template\base.py", line 196, in compile_nodelist
    nodelist = parser.parse()
               ^^^^^^^^^^^^^^
  File "C:\Users\kotch\MOVELIKEAPYTHON\venv\Lib\site-packages\django\template\base.py", line 518, in parse
    raise self.error(token, e)
  File "C:\Users\kotch\MOVELIKEAPYTHON\venv\Lib\site-packages\django\template\base.py", line 516, in parse
    compiled_result = compile_func(self, token)
                      ^^^^^^^^^^^^^^^^^^^^^^^^^
  File "C:\Users\kotch\MOVELIKEAPYTHON\venv\Lib\site-packages\django\template\loader_tags.py", line 299, in do_extends
    nodelist = parser.parse()
               ^^^^^^^^^^^^^^
  File "C:\Users\kotch\MOVELIKEAPYTHON\venv\Lib\site-packages\django\template\base.py", line 518, in parse
    raise self.error(token, e)
  File "C:\Users\kotch\MOVELIKEAPYTHON\venv\Lib\site-packages\django\template\base.py", line 516, in parse
    compiled_result = compile_func(self, token)
                      ^^^^^^^^^^^^^^^^^^^^^^^^^
  File "C:\Users\kotch\MOVELIKEAPYTHON\venv\Lib\site-packages\django\template\loader_tags.py", line 234, in do_block
    nodelist = parser.parse(("endblock",))
               ^^^^^^^^^^^^^^^^^^^^^^^^^^^
  File "C:\Users\kotch\MOVELIKEAPYTHON\venv\Lib\site-packages\django\template\base.py", line 523, in parse
    self.unclosed_block_tag(parse_until)
  File "C:\Users\kotch\MOVELIKEAPYTHON\venv\Lib\site-packages\django\template\base.py", line 590, in unclosed_block_tag
    raise self.error(token, msg)
django.template.exceptions.TemplateSyntaxError: Unclosed tag on line 8: 'block'. Looking for one of: endblock.
Internal Server Error: /passer_commande/
Traceback (most recent call last):
  File "C:\Users\kotch\MOVELIKEAPYTHON\venv\Lib\site-packages\django\core\handlers\exception.py", line 55, in inner
    response = get_response(request)
               ^^^^^^^^^^^^^^^^^^^^^
  File "C:\Users\kotch\MOVELIKEAPYTHON\venv\Lib\site-packages\django\core\handlers\base.py", line 197, in _get_response
    response = wrapped_callback(request, *callback_args, **callback_kwargs)
               ^^^^^^^^^^^^^^^^^^^^^^^^^^^^^^^^^^^^^^^^^^^^^^^^^^^^^^^^^^^^
  File "C:\Users\kotch\MOVELIKEAPYTHON\venv\Lib\site-packages\django\contrib\auth\decorators.py", line 59, in _view_wrapper
    return view_func(request, *args, **kwargs)
           ^^^^^^^^^^^^^^^^^^^^^^^^^^^^^^^^^^^
  File "C:\Users\kotch\MOVELIKEAPYTHON\restaurant_project\restaurant\views.py", line 273, in passer_commande
    return render(request, 'restaurant/panier.html', {
           ^^^^^^^^^^^^^^^^^^^^^^^^^^^^^^^^^^^^^^^^^^^
  File "C:\Users\kotch\MOVELIKEAPYTHON\venv\Lib\site-packages\django\shortcuts.py", line 25, in render
    content = loader.render_to_string(template_name, context, request, using=using)
              ^^^^^^^^^^^^^^^^^^^^^^^^^^^^^^^^^^^^^^^^^^^^^^^^^^^^^^^^^^^^^^^^^^^^^
  File "C:\Users\kotch\MOVELIKEAPYTHON\venv\Lib\site-packages\django\template\loader.py", line 61, in render_to_string
    template = get_template(template_name, using=using)
               ^^^^^^^^^^^^^^^^^^^^^^^^^^^^^^^^^^^^^^^^
  File "C:\Users\kotch\MOVELIKEAPYTHON\venv\Lib\site-packages\django\template\loader.py", line 15, in get_template
    return engine.get_template(template_name)
           ^^^^^^^^^^^^^^^^^^^^^^^^^^^^^^^^^^
  File "C:\Users\kotch\MOVELIKEAPYTHON\venv\Lib\site-packages\django\template\backends\django.py", line 79, in get_template
    return Template(self.engine.get_template(template_name), self)
                    ^^^^^^^^^^^^^^^^^^^^^^^^^^^^^^^^^^^^^^^
  File "C:\Users\kotch\MOVELIKEAPYTHON\venv\Lib\site-packages\django\template\engine.py", line 177, in get_template
    template, origin = self.find_template(template_name)
                       ^^^^^^^^^^^^^^^^^^^^^^^^^^^^^^^^^
  File "C:\Users\kotch\MOVELIKEAPYTHON\venv\Lib\site-packages\django\template\engine.py", line 159, in find_template
    template = loader.get_template(name, skip=skip)
               ^^^^^^^^^^^^^^^^^^^^^^^^^^^^^^^^^^^^
  File "C:\Users\kotch\MOVELIKEAPYTHON\venv\Lib\site-packages\django\template\loaders\cached.py", line 57, in get_template
    template = super().get_template(template_name, skip)
               ^^^^^^^^^^^^^^^^^^^^^^^^^^^^^^^^^^^^^^^^^
  File "C:\Users\kotch\MOVELIKEAPYTHON\venv\Lib\site-packages\django\template\loaders\base.py", line 28, in get_template
    return Template(
           ^^^^^^^^^
  File "C:\Users\kotch\MOVELIKEAPYTHON\venv\Lib\site-packages\django\template\base.py", line 154, in __init__
    self.nodelist = self.compile_nodelist()
                    ^^^^^^^^^^^^^^^^^^^^^^^
  File "C:\Users\kotch\MOVELIKEAPYTHON\venv\Lib\site-packages\django\template\base.py", line 196, in compile_nodelist
    nodelist = parser.parse()
               ^^^^^^^^^^^^^^
  File "C:\Users\kotch\MOVELIKEAPYTHON\venv\Lib\site-packages\django\template\base.py", line 518, in parse
    raise self.error(token, e)
  File "C:\Users\kotch\MOVELIKEAPYTHON\venv\Lib\site-packages\django\template\base.py", line 516, in parse
    compiled_result = compile_func(self, token)
                      ^^^^^^^^^^^^^^^^^^^^^^^^^
  File "C:\Users\kotch\MOVELIKEAPYTHON\venv\Lib\site-packages\django\template\loader_tags.py", line 299, in do_extends
    nodelist = parser.parse()
               ^^^^^^^^^^^^^^
  File "C:\Users\kotch\MOVELIKEAPYTHON\venv\Lib\site-packages\django\template\base.py", line 518, in parse
    raise self.error(token, e)
  File "C:\Users\kotch\MOVELIKEAPYTHON\venv\Lib\site-packages\django\template\base.py", line 516, in parse
    compiled_result = compile_func(self, token)
                      ^^^^^^^^^^^^^^^^^^^^^^^^^
  File "C:\Users\kotch\MOVELIKEAPYTHON\venv\Lib\site-packages\django\template\loader_tags.py", line 234, in do_block
    nodelist = parser.parse(("endblock",))
               ^^^^^^^^^^^^^^^^^^^^^^^^^^^
  File "C:\Users\kotch\MOVELIKEAPYTHON\venv\Lib\site-packages\django\template\base.py", line 523, in parse
    self.unclosed_block_tag(parse_until)
  File "C:\Users\kotch\MOVELIKEAPYTHON\venv\Lib\site-packages\django\template\base.py", line 590, in unclosed_block_tag
    raise self.error(token, msg)
django.template.exceptions.TemplateSyntaxError: Unclosed tag on line 8: 'block'. Looking for one of: endblock.
Internal Server Error: /passer_commande/
Traceback (most recent call last):
  File "C:\Users\kotch\MOVELIKEAPYTHON\venv\Lib\site-packages\django\core\handlers\exception.py", line 55, in inner
    response = get_response(request)
               ^^^^^^^^^^^^^^^^^^^^^
  File "C:\Users\kotch\MOVELIKEAPYTHON\venv\Lib\site-packages\django\core\handlers\base.py", line 197, in _get_response
    response = wrapped_callback(request, *callback_args, **callback_kwargs)
               ^^^^^^^^^^^^^^^^^^^^^^^^^^^^^^^^^^^^^^^^^^^^^^^^^^^^^^^^^^^^
  File "C:\Users\kotch\MOVELIKEAPYTHON\venv\Lib\site-packages\django\contrib\auth\decorators.py", line 59, in _view_wrapper
    return view_func(request, *args, **kwargs)
           ^^^^^^^^^^^^^^^^^^^^^^^^^^^^^^^^^^^
  File "C:\Users\kotch\MOVELIKEAPYTHON\restaurant_project\restaurant\views.py", line 273, in passer_commande
    return render(request, 'restaurant/panier.html', {
           ^^^^^^^^^^^^^^^^^^^^^^^^^^^^^^^^^^^^^^^^^^^
  File "C:\Users\kotch\MOVELIKEAPYTHON\venv\Lib\site-packages\django\shortcuts.py", line 25, in render
    content = loader.render_to_string(template_name, context, request, using=using)
              ^^^^^^^^^^^^^^^^^^^^^^^^^^^^^^^^^^^^^^^^^^^^^^^^^^^^^^^^^^^^^^^^^^^^^
  File "C:\Users\kotch\MOVELIKEAPYTHON\venv\Lib\site-packages\django\template\loader.py", line 61, in render_to_string
    template = get_template(template_name, using=using)
               ^^^^^^^^^^^^^^^^^^^^^^^^^^^^^^^^^^^^^^^^
  File "C:\Users\kotch\MOVELIKEAPYTHON\venv\Lib\site-packages\django\template\loader.py", line 15, in get_template
    return engine.get_template(template_name)
           ^^^^^^^^^^^^^^^^^^^^^^^^^^^^^^^^^^
  File "C:\Users\kotch\MOVELIKEAPYTHON\venv\Lib\site-packages\django\template\backends\django.py", line 79, in get_template
    return Template(self.engine.get_template(template_name), self)
                    ^^^^^^^^^^^^^^^^^^^^^^^^^^^^^^^^^^^^^^^
  File "C:\Users\kotch\MOVELIKEAPYTHON\venv\Lib\site-packages\django\template\engine.py", line 177, in get_template
    template, origin = self.find_template(template_name)
                       ^^^^^^^^^^^^^^^^^^^^^^^^^^^^^^^^^
  File "C:\Users\kotch\MOVELIKEAPYTHON\venv\Lib\site-packages\django\template\engine.py", line 159, in find_template
    template = loader.get_template(name, skip=skip)
               ^^^^^^^^^^^^^^^^^^^^^^^^^^^^^^^^^^^^
  File "C:\Users\kotch\MOVELIKEAPYTHON\venv\Lib\site-packages\django\template\loaders\cached.py", line 57, in get_template
    template = super().get_template(template_name, skip)
               ^^^^^^^^^^^^^^^^^^^^^^^^^^^^^^^^^^^^^^^^^
  File "C:\Users\kotch\MOVELIKEAPYTHON\venv\Lib\site-packages\django\template\loaders\base.py", line 28, in get_template
    return Template(
           ^^^^^^^^^
  File "C:\Users\kotch\MOVELIKEAPYTHON\venv\Lib\site-packages\django\template\base.py", line 154, in __init__
    self.nodelist = self.compile_nodelist()
                    ^^^^^^^^^^^^^^^^^^^^^^^
  File "C:\Users\kotch\MOVELIKEAPYTHON\venv\Lib\site-packages\django\template\base.py", line 196, in compile_nodelist
    nodelist = parser.parse()
               ^^^^^^^^^^^^^^
  File "C:\Users\kotch\MOVELIKEAPYTHON\venv\Lib\site-packages\django\template\base.py", line 518, in parse
    raise self.error(token, e)
  File "C:\Users\kotch\MOVELIKEAPYTHON\venv\Lib\site-packages\django\template\base.py", line 516, in parse
    compiled_result = compile_func(self, token)
                      ^^^^^^^^^^^^^^^^^^^^^^^^^
  File "C:\Users\kotch\MOVELIKEAPYTHON\venv\Lib\site-packages\django\template\loader_tags.py", line 299, in do_extends
    nodelist = parser.parse()
               ^^^^^^^^^^^^^^
  File "C:\Users\kotch\MOVELIKEAPYTHON\venv\Lib\site-packages\django\template\base.py", line 518, in parse
    raise self.error(token, e)
  File "C:\Users\kotch\MOVELIKEAPYTHON\venv\Lib\site-packages\django\template\base.py", line 516, in parse
    compiled_result = compile_func(self, token)
                      ^^^^^^^^^^^^^^^^^^^^^^^^^
  File "C:\Users\kotch\MOVELIKEAPYTHON\venv\Lib\site-packages\django\template\loader_tags.py", line 234, in do_block
    nodelist = parser.parse(("endblock",))
               ^^^^^^^^^^^^^^^^^^^^^^^^^^^
  File "C:\Users\kotch\MOVELIKEAPYTHON\venv\Lib\site-packages\django\template\base.py", line 523, in parse
    self.unclosed_block_tag(parse_until)
  File "C:\Users\kotch\MOVELIKEAPYTHON\venv\Lib\site-packages\django\template\base.py", line 590, in unclosed_block_tag
    raise self.error(token, msg)
django.template.exceptions.TemplateSyntaxError: Unclosed tag on line 8: 'block'. Looking for one of: endblock.
Internal Server Error: /passer_commande/
Traceback (most recent call last):
  File "C:\Users\kotch\MOVELIKEAPYTHON\venv\Lib\site-packages\django\core\handlers\exception.py", line 55, in inner
    response = get_response(request)
               ^^^^^^^^^^^^^^^^^^^^^
  File "C:\Users\kotch\MOVELIKEAPYTHON\venv\Lib\site-packages\django\core\handlers\base.py", line 197, in _get_response
    response = wrapped_callback(request, *callback_args, **callback_kwargs)
               ^^^^^^^^^^^^^^^^^^^^^^^^^^^^^^^^^^^^^^^^^^^^^^^^^^^^^^^^^^^^
  File "C:\Users\kotch\MOVELIKEAPYTHON\venv\Lib\site-packages\django\contrib\auth\decorators.py", line 59, in _view_wrapper
    return view_func(request, *args, **kwargs)
           ^^^^^^^^^^^^^^^^^^^^^^^^^^^^^^^^^^^
  File "C:\Users\kotch\MOVELIKEAPYTHON\restaurant_project\restaurant\views.py", line 273, in passer_commande
    return render(request, 'restaurant/panier.html', {
           ^^^^^^^^^^^^^^^^^^^^^^^^^^^^^^^^^^^^^^^^^^^
  File "C:\Users\kotch\MOVELIKEAPYTHON\venv\Lib\site-packages\django\shortcuts.py", line 25, in render
    content = loader.render_to_string(template_name, context, request, using=using)
              ^^^^^^^^^^^^^^^^^^^^^^^^^^^^^^^^^^^^^^^^^^^^^^^^^^^^^^^^^^^^^^^^^^^^^
  File "C:\Users\kotch\MOVELIKEAPYTHON\venv\Lib\site-packages\django\template\loader.py", line 61, in render_to_string
    template = get_template(template_name, using=using)
               ^^^^^^^^^^^^^^^^^^^^^^^^^^^^^^^^^^^^^^^^
  File "C:\Users\kotch\MOVELIKEAPYTHON\venv\Lib\site-packages\django\template\loader.py", line 15, in get_template
    return engine.get_template(template_name)
           ^^^^^^^^^^^^^^^^^^^^^^^^^^^^^^^^^^
  File "C:\Users\kotch\MOVELIKEAPYTHON\venv\Lib\site-packages\django\template\backends\django.py", line 79, in get_template
    return Template(self.engine.get_template(template_name), self)
                    ^^^^^^^^^^^^^^^^^^^^^^^^^^^^^^^^^^^^^^^
  File "C:\Users\kotch\MOVELIKEAPYTHON\venv\Lib\site-packages\django\template\engine.py", line 177, in get_template
    template, origin = self.find_template(template_name)
                       ^^^^^^^^^^^^^^^^^^^^^^^^^^^^^^^^^
  File "C:\Users\kotch\MOVELIKEAPYTHON\venv\Lib\site-packages\django\template\engine.py", line 159, in find_template
    template = loader.get_template(name, skip=skip)
               ^^^^^^^^^^^^^^^^^^^^^^^^^^^^^^^^^^^^
  File "C:\Users\kotch\MOVELIKEAPYTHON\venv\Lib\site-packages\django\template\loaders\cached.py", line 57, in get_template
    template = super().get_template(template_name, skip)
               ^^^^^^^^^^^^^^^^^^^^^^^^^^^^^^^^^^^^^^^^^
  File "C:\Users\kotch\MOVELIKEAPYTHON\venv\Lib\site-packages\django\template\loaders\base.py", line 28, in get_template
    return Template(
           ^^^^^^^^^
  File "C:\Users\kotch\MOVELIKEAPYTHON\venv\Lib\site-packages\django\template\base.py", line 154, in __init__
    self.nodelist = self.compile_nodelist()
                    ^^^^^^^^^^^^^^^^^^^^^^^
  File "C:\Users\kotch\MOVELIKEAPYTHON\venv\Lib\site-packages\django\template\base.py", line 196, in compile_nodelist
    nodelist = parser.parse()
               ^^^^^^^^^^^^^^
  File "C:\Users\kotch\MOVELIKEAPYTHON\venv\Lib\site-packages\django\template\base.py", line 518, in parse
    raise self.error(token, e)
  File "C:\Users\kotch\MOVELIKEAPYTHON\venv\Lib\site-packages\django\template\base.py", line 516, in parse
    compiled_result = compile_func(self, token)
                      ^^^^^^^^^^^^^^^^^^^^^^^^^
  File "C:\Users\kotch\MOVELIKEAPYTHON\venv\Lib\site-packages\django\template\loader_tags.py", line 299, in do_extends
    nodelist = parser.parse()
               ^^^^^^^^^^^^^^
  File "C:\Users\kotch\MOVELIKEAPYTHON\venv\Lib\site-packages\django\template\base.py", line 518, in parse
    raise self.error(token, e)
  File "C:\Users\kotch\MOVELIKEAPYTHON\venv\Lib\site-packages\django\template\base.py", line 516, in parse
    compiled_result = compile_func(self, token)
                      ^^^^^^^^^^^^^^^^^^^^^^^^^
  File "C:\Users\kotch\MOVELIKEAPYTHON\venv\Lib\site-packages\django\template\loader_tags.py", line 234, in do_block
    nodelist = parser.parse(("endblock",))
               ^^^^^^^^^^^^^^^^^^^^^^^^^^^
  File "C:\Users\kotch\MOVELIKEAPYTHON\venv\Lib\site-packages\django\template\base.py", line 523, in parse
    self.unclosed_block_tag(parse_until)
  File "C:\Users\kotch\MOVELIKEAPYTHON\venv\Lib\site-packages\django\template\base.py", line 590, in unclosed_block_tag
    raise self.error(token, msg)
django.template.exceptions.TemplateSyntaxError: Unclosed tag on line 8: 'block'. Looking for one of: endblock.
Not Found: /favicon.ico
Internal Server Error: /passer_commande/
Traceback (most recent call last):
  File "C:\Users\kotch\MOVELIKEAPYTHON\venv\Lib\site-packages\django\core\handlers\exception.py", line 55, in inner
    response = get_response(request)
               ^^^^^^^^^^^^^^^^^^^^^
  File "C:\Users\kotch\MOVELIKEAPYTHON\venv\Lib\site-packages\django\core\handlers\base.py", line 197, in _get_response
    response = wrapped_callback(request, *callback_args, **callback_kwargs)
               ^^^^^^^^^^^^^^^^^^^^^^^^^^^^^^^^^^^^^^^^^^^^^^^^^^^^^^^^^^^^
  File "C:\Users\kotch\MOVELIKEAPYTHON\venv\Lib\site-packages\django\contrib\auth\decorators.py", line 59, in _view_wrapper
    return view_func(request, *args, **kwargs)
           ^^^^^^^^^^^^^^^^^^^^^^^^^^^^^^^^^^^
  File "C:\Users\kotch\MOVELIKEAPYTHON\restaurant_project\restaurant\views.py", line 273, in passer_commande
    return render(request, 'restaurant/panier.html', {
           ^^^^^^^^^^^^^^^^^^^^^^^^^^^^^^^^^^^^^^^^^^^
  File "C:\Users\kotch\MOVELIKEAPYTHON\venv\Lib\site-packages\django\shortcuts.py", line 25, in render
    content = loader.render_to_string(template_name, context, request, using=using)
              ^^^^^^^^^^^^^^^^^^^^^^^^^^^^^^^^^^^^^^^^^^^^^^^^^^^^^^^^^^^^^^^^^^^^^
  File "C:\Users\kotch\MOVELIKEAPYTHON\venv\Lib\site-packages\django\template\loader.py", line 61, in render_to_string
    template = get_template(template_name, using=using)
               ^^^^^^^^^^^^^^^^^^^^^^^^^^^^^^^^^^^^^^^^
  File "C:\Users\kotch\MOVELIKEAPYTHON\venv\Lib\site-packages\django\template\loader.py", line 15, in get_template
    return engine.get_template(template_name)
           ^^^^^^^^^^^^^^^^^^^^^^^^^^^^^^^^^^
  File "C:\Users\kotch\MOVELIKEAPYTHON\venv\Lib\site-packages\django\template\backends\django.py", line 79, in get_template
    return Template(self.engine.get_template(template_name), self)
                    ^^^^^^^^^^^^^^^^^^^^^^^^^^^^^^^^^^^^^^^
  File "C:\Users\kotch\MOVELIKEAPYTHON\venv\Lib\site-packages\django\template\engine.py", line 177, in get_template
    template, origin = self.find_template(template_name)
                       ^^^^^^^^^^^^^^^^^^^^^^^^^^^^^^^^^
  File "C:\Users\kotch\MOVELIKEAPYTHON\venv\Lib\site-packages\django\template\engine.py", line 159, in find_template
    template = loader.get_template(name, skip=skip)
               ^^^^^^^^^^^^^^^^^^^^^^^^^^^^^^^^^^^^
  File "C:\Users\kotch\MOVELIKEAPYTHON\venv\Lib\site-packages\django\template\loaders\cached.py", line 57, in get_template
    template = super().get_template(template_name, skip)
               ^^^^^^^^^^^^^^^^^^^^^^^^^^^^^^^^^^^^^^^^^
  File "C:\Users\kotch\MOVELIKEAPYTHON\venv\Lib\site-packages\django\template\loaders\base.py", line 28, in get_template
    return Template(
           ^^^^^^^^^
  File "C:\Users\kotch\MOVELIKEAPYTHON\venv\Lib\site-packages\django\template\base.py", line 154, in __init__
    self.nodelist = self.compile_nodelist()
                    ^^^^^^^^^^^^^^^^^^^^^^^
  File "C:\Users\kotch\MOVELIKEAPYTHON\venv\Lib\site-packages\django\template\base.py", line 196, in compile_nodelist
    nodelist = parser.parse()
               ^^^^^^^^^^^^^^
  File "C:\Users\kotch\MOVELIKEAPYTHON\venv\Lib\site-packages\django\template\base.py", line 518, in parse
    raise self.error(token, e)
  File "C:\Users\kotch\MOVELIKEAPYTHON\venv\Lib\site-packages\django\template\base.py", line 516, in parse
    compiled_result = compile_func(self, token)
                      ^^^^^^^^^^^^^^^^^^^^^^^^^
  File "C:\Users\kotch\MOVELIKEAPYTHON\venv\Lib\site-packages\django\template\loader_tags.py", line 299, in do_extends
    nodelist = parser.parse()
               ^^^^^^^^^^^^^^
  File "C:\Users\kotch\MOVELIKEAPYTHON\venv\Lib\site-packages\django\template\base.py", line 518, in parse
    raise self.error(token, e)
  File "C:\Users\kotch\MOVELIKEAPYTHON\venv\Lib\site-packages\django\template\base.py", line 516, in parse
    compiled_result = compile_func(self, token)
                      ^^^^^^^^^^^^^^^^^^^^^^^^^
  File "C:\Users\kotch\MOVELIKEAPYTHON\venv\Lib\site-packages\django\template\loader_tags.py", line 234, in do_block
    nodelist = parser.parse(("endblock",))
               ^^^^^^^^^^^^^^^^^^^^^^^^^^^
  File "C:\Users\kotch\MOVELIKEAPYTHON\venv\Lib\site-packages\django\template\base.py", line 523, in parse
    self.unclosed_block_tag(parse_until)
  File "C:\Users\kotch\MOVELIKEAPYTHON\venv\Lib\site-packages\django\template\base.py", line 590, in unclosed_block_tag
    raise self.error(token, msg)
django.template.exceptions.TemplateSyntaxError: Unclosed tag on line 8: 'block'. Looking for one of: endblock.
Not Found: /favicon.ico
Internal Server Error: /passer_commande/
Traceback (most recent call last):
  File "C:\Users\kotch\MOVELIKEAPYTHON\venv\Lib\site-packages\django\core\handlers\exception.py", line 55, in inner
    response = get_response(request)
               ^^^^^^^^^^^^^^^^^^^^^
  File "C:\Users\kotch\MOVELIKEAPYTHON\venv\Lib\site-packages\django\core\handlers\base.py", line 197, in _get_response
    response = wrapped_callback(request, *callback_args, **callback_kwargs)
               ^^^^^^^^^^^^^^^^^^^^^^^^^^^^^^^^^^^^^^^^^^^^^^^^^^^^^^^^^^^^
  File "C:\Users\kotch\MOVELIKEAPYTHON\venv\Lib\site-packages\django\contrib\auth\decorators.py", line 59, in _view_wrapper
    return view_func(request, *args, **kwargs)
           ^^^^^^^^^^^^^^^^^^^^^^^^^^^^^^^^^^^
  File "C:\Users\kotch\MOVELIKEAPYTHON\restaurant_project\restaurant\views.py", line 273, in passer_commande
    return render(request, 'restaurant/panier.html', {
           ^^^^^^^^^^^^^^^^^^^^^^^^^^^^^^^^^^^^^^^^^^^
  File "C:\Users\kotch\MOVELIKEAPYTHON\venv\Lib\site-packages\django\shortcuts.py", line 25, in render
    content = loader.render_to_string(template_name, context, request, using=using)
              ^^^^^^^^^^^^^^^^^^^^^^^^^^^^^^^^^^^^^^^^^^^^^^^^^^^^^^^^^^^^^^^^^^^^^
  File "C:\Users\kotch\MOVELIKEAPYTHON\venv\Lib\site-packages\django\template\loader.py", line 61, in render_to_string
    template = get_template(template_name, using=using)
               ^^^^^^^^^^^^^^^^^^^^^^^^^^^^^^^^^^^^^^^^
  File "C:\Users\kotch\MOVELIKEAPYTHON\venv\Lib\site-packages\django\template\loader.py", line 15, in get_template
    return engine.get_template(template_name)
           ^^^^^^^^^^^^^^^^^^^^^^^^^^^^^^^^^^
  File "C:\Users\kotch\MOVELIKEAPYTHON\venv\Lib\site-packages\django\template\backends\django.py", line 79, in get_template
    return Template(self.engine.get_template(template_name), self)
                    ^^^^^^^^^^^^^^^^^^^^^^^^^^^^^^^^^^^^^^^
  File "C:\Users\kotch\MOVELIKEAPYTHON\venv\Lib\site-packages\django\template\engine.py", line 177, in get_template
    template, origin = self.find_template(template_name)
                       ^^^^^^^^^^^^^^^^^^^^^^^^^^^^^^^^^
  File "C:\Users\kotch\MOVELIKEAPYTHON\venv\Lib\site-packages\django\template\engine.py", line 159, in find_template
    template = loader.get_template(name, skip=skip)
               ^^^^^^^^^^^^^^^^^^^^^^^^^^^^^^^^^^^^
  File "C:\Users\kotch\MOVELIKEAPYTHON\venv\Lib\site-packages\django\template\loaders\cached.py", line 57, in get_template
    template = super().get_template(template_name, skip)
               ^^^^^^^^^^^^^^^^^^^^^^^^^^^^^^^^^^^^^^^^^
  File "C:\Users\kotch\MOVELIKEAPYTHON\venv\Lib\site-packages\django\template\loaders\base.py", line 28, in get_template
    return Template(
           ^^^^^^^^^
  File "C:\Users\kotch\MOVELIKEAPYTHON\venv\Lib\site-packages\django\template\base.py", line 154, in __init__
    self.nodelist = self.compile_nodelist()
                    ^^^^^^^^^^^^^^^^^^^^^^^
  File "C:\Users\kotch\MOVELIKEAPYTHON\venv\Lib\site-packages\django\template\base.py", line 196, in compile_nodelist
    nodelist = parser.parse()
               ^^^^^^^^^^^^^^
  File "C:\Users\kotch\MOVELIKEAPYTHON\venv\Lib\site-packages\django\template\base.py", line 518, in parse
    raise self.error(token, e)
  File "C:\Users\kotch\MOVELIKEAPYTHON\venv\Lib\site-packages\django\template\base.py", line 516, in parse
    compiled_result = compile_func(self, token)
                      ^^^^^^^^^^^^^^^^^^^^^^^^^
  File "C:\Users\kotch\MOVELIKEAPYTHON\venv\Lib\site-packages\django\template\loader_tags.py", line 299, in do_extends
    nodelist = parser.parse()
               ^^^^^^^^^^^^^^
  File "C:\Users\kotch\MOVELIKEAPYTHON\venv\Lib\site-packages\django\template\base.py", line 518, in parse
    raise self.error(token, e)
  File "C:\Users\kotch\MOVELIKEAPYTHON\venv\Lib\site-packages\django\template\base.py", line 516, in parse
    compiled_result = compile_func(self, token)
                      ^^^^^^^^^^^^^^^^^^^^^^^^^
  File "C:\Users\kotch\MOVELIKEAPYTHON\venv\Lib\site-packages\django\template\loader_tags.py", line 234, in do_block
    nodelist = parser.parse(("endblock",))
               ^^^^^^^^^^^^^^^^^^^^^^^^^^^
  File "C:\Users\kotch\MOVELIKEAPYTHON\venv\Lib\site-packages\django\template\base.py", line 523, in parse
    self.unclosed_block_tag(parse_until)
  File "C:\Users\kotch\MOVELIKEAPYTHON\venv\Lib\site-packages\django\template\base.py", line 590, in unclosed_block_tag
    raise self.error(token, msg)
django.template.exceptions.TemplateSyntaxError: Unclosed tag on line 8: 'block'. Looking for one of: endblock.
Internal Server Error: /panier/
Traceback (most recent call last):
  File "C:\Users\kotch\MOVELIKEAPYTHON\venv\Lib\site-packages\django\core\handlers\exception.py", line 55, in inner
    response = get_response(request)
               ^^^^^^^^^^^^^^^^^^^^^
  File "C:\Users\kotch\MOVELIKEAPYTHON\venv\Lib\site-packages\django\core\handlers\base.py", line 197, in _get_response
    response = wrapped_callback(request, *callback_args, **callback_kwargs)
               ^^^^^^^^^^^^^^^^^^^^^^^^^^^^^^^^^^^^^^^^^^^^^^^^^^^^^^^^^^^^
  File "C:\Users\kotch\MOVELIKEAPYTHON\venv\Lib\site-packages\django\contrib\auth\decorators.py", line 59, in _view_wrapper
    return view_func(request, *args, **kwargs)
           ^^^^^^^^^^^^^^^^^^^^^^^^^^^^^^^^^^^
  File "C:\Users\kotch\MOVELIKEAPYTHON\restaurant_project\restaurant\views.py", line 247, in voir_panier
    return render(request, 'restaurant/panier.html', {'panier': panier})
           ^^^^^^^^^^^^^^^^^^^^^^^^^^^^^^^^^^^^^^^^^^^^^^^^^^^^^^^^^^^^^
  File "C:\Users\kotch\MOVELIKEAPYTHON\venv\Lib\site-packages\django\shortcuts.py", line 25, in render
    content = loader.render_to_string(template_name, context, request, using=using)
              ^^^^^^^^^^^^^^^^^^^^^^^^^^^^^^^^^^^^^^^^^^^^^^^^^^^^^^^^^^^^^^^^^^^^^
  File "C:\Users\kotch\MOVELIKEAPYTHON\venv\Lib\site-packages\django\template\loader.py", line 61, in render_to_string
    template = get_template(template_name, using=using)
               ^^^^^^^^^^^^^^^^^^^^^^^^^^^^^^^^^^^^^^^^
  File "C:\Users\kotch\MOVELIKEAPYTHON\venv\Lib\site-packages\django\template\loader.py", line 15, in get_template
    return engine.get_template(template_name)
           ^^^^^^^^^^^^^^^^^^^^^^^^^^^^^^^^^^
  File "C:\Users\kotch\MOVELIKEAPYTHON\venv\Lib\site-packages\django\template\backends\django.py", line 79, in get_template
    return Template(self.engine.get_template(template_name), self)
                    ^^^^^^^^^^^^^^^^^^^^^^^^^^^^^^^^^^^^^^^
  File "C:\Users\kotch\MOVELIKEAPYTHON\venv\Lib\site-packages\django\template\engine.py", line 177, in get_template
    template, origin = self.find_template(template_name)
                       ^^^^^^^^^^^^^^^^^^^^^^^^^^^^^^^^^
  File "C:\Users\kotch\MOVELIKEAPYTHON\venv\Lib\site-packages\django\template\engine.py", line 159, in find_template
    template = loader.get_template(name, skip=skip)
               ^^^^^^^^^^^^^^^^^^^^^^^^^^^^^^^^^^^^
  File "C:\Users\kotch\MOVELIKEAPYTHON\venv\Lib\site-packages\django\template\loaders\cached.py", line 57, in get_template
    template = super().get_template(template_name, skip)
               ^^^^^^^^^^^^^^^^^^^^^^^^^^^^^^^^^^^^^^^^^
  File "C:\Users\kotch\MOVELIKEAPYTHON\venv\Lib\site-packages\django\template\loaders\base.py", line 28, in get_template
    return Template(
           ^^^^^^^^^
  File "C:\Users\kotch\MOVELIKEAPYTHON\venv\Lib\site-packages\django\template\base.py", line 154, in __init__
    self.nodelist = self.compile_nodelist()
                    ^^^^^^^^^^^^^^^^^^^^^^^
  File "C:\Users\kotch\MOVELIKEAPYTHON\venv\Lib\site-packages\django\template\base.py", line 196, in compile_nodelist
    nodelist = parser.parse()
               ^^^^^^^^^^^^^^
  File "C:\Users\kotch\MOVELIKEAPYTHON\venv\Lib\site-packages\django\template\base.py", line 518, in parse
    raise self.error(token, e)
  File "C:\Users\kotch\MOVELIKEAPYTHON\venv\Lib\site-packages\django\template\base.py", line 516, in parse
    compiled_result = compile_func(self, token)
                      ^^^^^^^^^^^^^^^^^^^^^^^^^
  File "C:\Users\kotch\MOVELIKEAPYTHON\venv\Lib\site-packages\django\template\loader_tags.py", line 299, in do_extends
    nodelist = parser.parse()
               ^^^^^^^^^^^^^^
  File "C:\Users\kotch\MOVELIKEAPYTHON\venv\Lib\site-packages\django\template\base.py", line 518, in parse
    raise self.error(token, e)
  File "C:\Users\kotch\MOVELIKEAPYTHON\venv\Lib\site-packages\django\template\base.py", line 516, in parse
    compiled_result = compile_func(self, token)
                      ^^^^^^^^^^^^^^^^^^^^^^^^^
  File "C:\Users\kotch\MOVELIKEAPYTHON\venv\Lib\site-packages\django\template\loader_tags.py", line 234, in do_block
    nodelist = parser.parse(("endblock",))
               ^^^^^^^^^^^^^^^^^^^^^^^^^^^
  File "C:\Users\kotch\MOVELIKEAPYTHON\venv\Lib\site-packages\django\template\base.py", line 523, in parse
    self.unclosed_block_tag(parse_until)
  File "C:\Users\kotch\MOVELIKEAPYTHON\venv\Lib\site-packages\django\template\base.py", line 590, in unclosed_block_tag
    raise self.error(token, msg)
django.template.exceptions.TemplateSyntaxError: Unclosed tag on line 8: 'block'. Looking for one of: endblock.
Internal Server Error: /panier/
Traceback (most recent call last):
  File "C:\Users\kotch\MOVELIKEAPYTHON\venv\Lib\site-packages\django\core\handlers\exception.py", line 55, in inner
    response = get_response(request)
               ^^^^^^^^^^^^^^^^^^^^^
  File "C:\Users\kotch\MOVELIKEAPYTHON\venv\Lib\site-packages\django\core\handlers\base.py", line 197, in _get_response
    response = wrapped_callback(request, *callback_args, **callback_kwargs)
               ^^^^^^^^^^^^^^^^^^^^^^^^^^^^^^^^^^^^^^^^^^^^^^^^^^^^^^^^^^^^
  File "C:\Users\kotch\MOVELIKEAPYTHON\venv\Lib\site-packages\django\contrib\auth\decorators.py", line 59, in _view_wrapper
    return view_func(request, *args, **kwargs)
           ^^^^^^^^^^^^^^^^^^^^^^^^^^^^^^^^^^^
  File "C:\Users\kotch\MOVELIKEAPYTHON\restaurant_project\restaurant\views.py", line 247, in voir_panier
    return render(request, 'restaurant/panier.html', {'panier': panier})
           ^^^^^^^^^^^^^^^^^^^^^^^^^^^^^^^^^^^^^^^^^^^^^^^^^^^^^^^^^^^^^
  File "C:\Users\kotch\MOVELIKEAPYTHON\venv\Lib\site-packages\django\shortcuts.py", line 25, in render
    content = loader.render_to_string(template_name, context, request, using=using)
              ^^^^^^^^^^^^^^^^^^^^^^^^^^^^^^^^^^^^^^^^^^^^^^^^^^^^^^^^^^^^^^^^^^^^^
  File "C:\Users\kotch\MOVELIKEAPYTHON\venv\Lib\site-packages\django\template\loader.py", line 61, in render_to_string
    template = get_template(template_name, using=using)
               ^^^^^^^^^^^^^^^^^^^^^^^^^^^^^^^^^^^^^^^^
  File "C:\Users\kotch\MOVELIKEAPYTHON\venv\Lib\site-packages\django\template\loader.py", line 15, in get_template
    return engine.get_template(template_name)
           ^^^^^^^^^^^^^^^^^^^^^^^^^^^^^^^^^^
  File "C:\Users\kotch\MOVELIKEAPYTHON\venv\Lib\site-packages\django\template\backends\django.py", line 79, in get_template
    return Template(self.engine.get_template(template_name), self)
                    ^^^^^^^^^^^^^^^^^^^^^^^^^^^^^^^^^^^^^^^
  File "C:\Users\kotch\MOVELIKEAPYTHON\venv\Lib\site-packages\django\template\engine.py", line 177, in get_template
    template, origin = self.find_template(template_name)
                       ^^^^^^^^^^^^^^^^^^^^^^^^^^^^^^^^^
  File "C:\Users\kotch\MOVELIKEAPYTHON\venv\Lib\site-packages\django\template\engine.py", line 159, in find_template
    template = loader.get_template(name, skip=skip)
               ^^^^^^^^^^^^^^^^^^^^^^^^^^^^^^^^^^^^
  File "C:\Users\kotch\MOVELIKEAPYTHON\venv\Lib\site-packages\django\template\loaders\cached.py", line 57, in get_template
    template = super().get_template(template_name, skip)
               ^^^^^^^^^^^^^^^^^^^^^^^^^^^^^^^^^^^^^^^^^
  File "C:\Users\kotch\MOVELIKEAPYTHON\venv\Lib\site-packages\django\template\loaders\base.py", line 28, in get_template
    return Template(
           ^^^^^^^^^
  File "C:\Users\kotch\MOVELIKEAPYTHON\venv\Lib\site-packages\django\template\base.py", line 154, in __init__
    self.nodelist = self.compile_nodelist()
                    ^^^^^^^^^^^^^^^^^^^^^^^
  File "C:\Users\kotch\MOVELIKEAPYTHON\venv\Lib\site-packages\django\template\base.py", line 196, in compile_nodelist
    nodelist = parser.parse()
               ^^^^^^^^^^^^^^
  File "C:\Users\kotch\MOVELIKEAPYTHON\venv\Lib\site-packages\django\template\base.py", line 518, in parse
    raise self.error(token, e)
  File "C:\Users\kotch\MOVELIKEAPYTHON\venv\Lib\site-packages\django\template\base.py", line 516, in parse
    compiled_result = compile_func(self, token)
                      ^^^^^^^^^^^^^^^^^^^^^^^^^
  File "C:\Users\kotch\MOVELIKEAPYTHON\venv\Lib\site-packages\django\template\loader_tags.py", line 299, in do_extends
    nodelist = parser.parse()
               ^^^^^^^^^^^^^^
  File "C:\Users\kotch\MOVELIKEAPYTHON\venv\Lib\site-packages\django\template\base.py", line 518, in parse
    raise self.error(token, e)
  File "C:\Users\kotch\MOVELIKEAPYTHON\venv\Lib\site-packages\django\template\base.py", line 516, in parse
    compiled_result = compile_func(self, token)
                      ^^^^^^^^^^^^^^^^^^^^^^^^^
  File "C:\Users\kotch\MOVELIKEAPYTHON\venv\Lib\site-packages\django\template\loader_tags.py", line 234, in do_block
    nodelist = parser.parse(("endblock",))
               ^^^^^^^^^^^^^^^^^^^^^^^^^^^
  File "C:\Users\kotch\MOVELIKEAPYTHON\venv\Lib\site-packages\django\template\base.py", line 523, in parse
    self.unclosed_block_tag(parse_until)
  File "C:\Users\kotch\MOVELIKEAPYTHON\venv\Lib\site-packages\django\template\base.py", line 590, in unclosed_block_tag
    raise self.error(token, msg)
django.template.exceptions.TemplateSyntaxError: Unclosed tag on line 8: 'block'. Looking for one of: endblock.
Internal Server Error: /panier/
Traceback (most recent call last):
  File "C:\Users\kotch\MOVELIKEAPYTHON\venv\Lib\site-packages\django\core\handlers\exception.py", line 55, in inner
    response = get_response(request)
               ^^^^^^^^^^^^^^^^^^^^^
  File "C:\Users\kotch\MOVELIKEAPYTHON\venv\Lib\site-packages\django\core\handlers\base.py", line 197, in _get_response
    response = wrapped_callback(request, *callback_args, **callback_kwargs)
               ^^^^^^^^^^^^^^^^^^^^^^^^^^^^^^^^^^^^^^^^^^^^^^^^^^^^^^^^^^^^
  File "C:\Users\kotch\MOVELIKEAPYTHON\venv\Lib\site-packages\django\contrib\auth\decorators.py", line 59, in _view_wrapper
    return view_func(request, *args, **kwargs)
           ^^^^^^^^^^^^^^^^^^^^^^^^^^^^^^^^^^^
  File "C:\Users\kotch\MOVELIKEAPYTHON\restaurant_project\restaurant\views.py", line 247, in voir_panier
    return render(request, 'restaurant/panier.html', {'panier': panier})
           ^^^^^^^^^^^^^^^^^^^^^^^^^^^^^^^^^^^^^^^^^^^^^^^^^^^^^^^^^^^^^
  File "C:\Users\kotch\MOVELIKEAPYTHON\venv\Lib\site-packages\django\shortcuts.py", line 25, in render
    content = loader.render_to_string(template_name, context, request, using=using)
              ^^^^^^^^^^^^^^^^^^^^^^^^^^^^^^^^^^^^^^^^^^^^^^^^^^^^^^^^^^^^^^^^^^^^^
  File "C:\Users\kotch\MOVELIKEAPYTHON\venv\Lib\site-packages\django\template\loader.py", line 61, in render_to_string
    template = get_template(template_name, using=using)
               ^^^^^^^^^^^^^^^^^^^^^^^^^^^^^^^^^^^^^^^^
  File "C:\Users\kotch\MOVELIKEAPYTHON\venv\Lib\site-packages\django\template\loader.py", line 15, in get_template
    return engine.get_template(template_name)
           ^^^^^^^^^^^^^^^^^^^^^^^^^^^^^^^^^^
  File "C:\Users\kotch\MOVELIKEAPYTHON\venv\Lib\site-packages\django\template\backends\django.py", line 79, in get_template
    return Template(self.engine.get_template(template_name), self)
                    ^^^^^^^^^^^^^^^^^^^^^^^^^^^^^^^^^^^^^^^
  File "C:\Users\kotch\MOVELIKEAPYTHON\venv\Lib\site-packages\django\template\engine.py", line 177, in get_template
    template, origin = self.find_template(template_name)
                       ^^^^^^^^^^^^^^^^^^^^^^^^^^^^^^^^^
  File "C:\Users\kotch\MOVELIKEAPYTHON\venv\Lib\site-packages\django\template\engine.py", line 159, in find_template
    template = loader.get_template(name, skip=skip)
               ^^^^^^^^^^^^^^^^^^^^^^^^^^^^^^^^^^^^
  File "C:\Users\kotch\MOVELIKEAPYTHON\venv\Lib\site-packages\django\template\loaders\cached.py", line 57, in get_template
    template = super().get_template(template_name, skip)
               ^^^^^^^^^^^^^^^^^^^^^^^^^^^^^^^^^^^^^^^^^
  File "C:\Users\kotch\MOVELIKEAPYTHON\venv\Lib\site-packages\django\template\loaders\base.py", line 28, in get_template
    return Template(
           ^^^^^^^^^
  File "C:\Users\kotch\MOVELIKEAPYTHON\venv\Lib\site-packages\django\template\base.py", line 154, in __init__
    self.nodelist = self.compile_nodelist()
                    ^^^^^^^^^^^^^^^^^^^^^^^
  File "C:\Users\kotch\MOVELIKEAPYTHON\venv\Lib\site-packages\django\template\base.py", line 196, in compile_nodelist
    nodelist = parser.parse()
               ^^^^^^^^^^^^^^
  File "C:\Users\kotch\MOVELIKEAPYTHON\venv\Lib\site-packages\django\template\base.py", line 518, in parse
    raise self.error(token, e)
  File "C:\Users\kotch\MOVELIKEAPYTHON\venv\Lib\site-packages\django\template\base.py", line 516, in parse
    compiled_result = compile_func(self, token)
                      ^^^^^^^^^^^^^^^^^^^^^^^^^
  File "C:\Users\kotch\MOVELIKEAPYTHON\venv\Lib\site-packages\django\template\loader_tags.py", line 299, in do_extends
    nodelist = parser.parse()
               ^^^^^^^^^^^^^^
  File "C:\Users\kotch\MOVELIKEAPYTHON\venv\Lib\site-packages\django\template\base.py", line 518, in parse
    raise self.error(token, e)
  File "C:\Users\kotch\MOVELIKEAPYTHON\venv\Lib\site-packages\django\template\base.py", line 516, in parse
    compiled_result = compile_func(self, token)
                      ^^^^^^^^^^^^^^^^^^^^^^^^^
  File "C:\Users\kotch\MOVELIKEAPYTHON\venv\Lib\site-packages\django\template\loader_tags.py", line 234, in do_block
    nodelist = parser.parse(("endblock",))
               ^^^^^^^^^^^^^^^^^^^^^^^^^^^
  File "C:\Users\kotch\MOVELIKEAPYTHON\venv\Lib\site-packages\django\template\base.py", line 523, in parse
    self.unclosed_block_tag(parse_until)
  File "C:\Users\kotch\MOVELIKEAPYTHON\venv\Lib\site-packages\django\template\base.py", line 590, in unclosed_block_tag
    raise self.error(token, msg)
django.template.exceptions.TemplateSyntaxError: Unclosed tag on line 8: 'block'. Looking for one of: endblock.
Internal Server Error: /panier/
Traceback (most recent call last):
  File "C:\Users\kotch\MOVELIKEAPYTHON\venv\Lib\site-packages\django\core\handlers\exception.py", line 55, in inner
    response = get_response(request)
               ^^^^^^^^^^^^^^^^^^^^^
  File "C:\Users\kotch\MOVELIKEAPYTHON\venv\Lib\site-packages\django\core\handlers\base.py", line 197, in _get_response
    response = wrapped_callback(request, *callback_args, **callback_kwargs)
               ^^^^^^^^^^^^^^^^^^^^^^^^^^^^^^^^^^^^^^^^^^^^^^^^^^^^^^^^^^^^
  File "C:\Users\kotch\MOVELIKEAPYTHON\venv\Lib\site-packages\django\contrib\auth\decorators.py", line 59, in _view_wrapper
    return view_func(request, *args, **kwargs)
           ^^^^^^^^^^^^^^^^^^^^^^^^^^^^^^^^^^^
  File "C:\Users\kotch\MOVELIKEAPYTHON\restaurant_project\restaurant\views.py", line 247, in voir_panier
    return render(request, 'restaurant/panier.html', {'panier': panier})
           ^^^^^^^^^^^^^^^^^^^^^^^^^^^^^^^^^^^^^^^^^^^^^^^^^^^^^^^^^^^^^
  File "C:\Users\kotch\MOVELIKEAPYTHON\venv\Lib\site-packages\django\shortcuts.py", line 25, in render
    content = loader.render_to_string(template_name, context, request, using=using)
              ^^^^^^^^^^^^^^^^^^^^^^^^^^^^^^^^^^^^^^^^^^^^^^^^^^^^^^^^^^^^^^^^^^^^^
  File "C:\Users\kotch\MOVELIKEAPYTHON\venv\Lib\site-packages\django\template\loader.py", line 61, in render_to_string
    template = get_template(template_name, using=using)
               ^^^^^^^^^^^^^^^^^^^^^^^^^^^^^^^^^^^^^^^^
  File "C:\Users\kotch\MOVELIKEAPYTHON\venv\Lib\site-packages\django\template\loader.py", line 15, in get_template
    return engine.get_template(template_name)
           ^^^^^^^^^^^^^^^^^^^^^^^^^^^^^^^^^^
  File "C:\Users\kotch\MOVELIKEAPYTHON\venv\Lib\site-packages\django\template\backends\django.py", line 79, in get_template
    return Template(self.engine.get_template(template_name), self)
                    ^^^^^^^^^^^^^^^^^^^^^^^^^^^^^^^^^^^^^^^
  File "C:\Users\kotch\MOVELIKEAPYTHON\venv\Lib\site-packages\django\template\engine.py", line 177, in get_template
    template, origin = self.find_template(template_name)
                       ^^^^^^^^^^^^^^^^^^^^^^^^^^^^^^^^^
  File "C:\Users\kotch\MOVELIKEAPYTHON\venv\Lib\site-packages\django\template\engine.py", line 159, in find_template
    template = loader.get_template(name, skip=skip)
               ^^^^^^^^^^^^^^^^^^^^^^^^^^^^^^^^^^^^
  File "C:\Users\kotch\MOVELIKEAPYTHON\venv\Lib\site-packages\django\template\loaders\cached.py", line 57, in get_template
    template = super().get_template(template_name, skip)
               ^^^^^^^^^^^^^^^^^^^^^^^^^^^^^^^^^^^^^^^^^
  File "C:\Users\kotch\MOVELIKEAPYTHON\venv\Lib\site-packages\django\template\loaders\base.py", line 28, in get_template
    return Template(
           ^^^^^^^^^
  File "C:\Users\kotch\MOVELIKEAPYTHON\venv\Lib\site-packages\django\template\base.py", line 154, in __init__
    self.nodelist = self.compile_nodelist()
                    ^^^^^^^^^^^^^^^^^^^^^^^
  File "C:\Users\kotch\MOVELIKEAPYTHON\venv\Lib\site-packages\django\template\base.py", line 196, in compile_nodelist
    nodelist = parser.parse()
               ^^^^^^^^^^^^^^
  File "C:\Users\kotch\MOVELIKEAPYTHON\venv\Lib\site-packages\django\template\base.py", line 518, in parse
    raise self.error(token, e)
  File "C:\Users\kotch\MOVELIKEAPYTHON\venv\Lib\site-packages\django\template\base.py", line 516, in parse
    compiled_result = compile_func(self, token)
                      ^^^^^^^^^^^^^^^^^^^^^^^^^
  File "C:\Users\kotch\MOVELIKEAPYTHON\venv\Lib\site-packages\django\template\loader_tags.py", line 299, in do_extends
    nodelist = parser.parse()
               ^^^^^^^^^^^^^^
  File "C:\Users\kotch\MOVELIKEAPYTHON\venv\Lib\site-packages\django\template\base.py", line 518, in parse
    raise self.error(token, e)
  File "C:\Users\kotch\MOVELIKEAPYTHON\venv\Lib\site-packages\django\template\base.py", line 516, in parse
    compiled_result = compile_func(self, token)
                      ^^^^^^^^^^^^^^^^^^^^^^^^^
  File "C:\Users\kotch\MOVELIKEAPYTHON\venv\Lib\site-packages\django\template\loader_tags.py", line 234, in do_block
    nodelist = parser.parse(("endblock",))
               ^^^^^^^^^^^^^^^^^^^^^^^^^^^
  File "C:\Users\kotch\MOVELIKEAPYTHON\venv\Lib\site-packages\django\template\base.py", line 523, in parse
    self.unclosed_block_tag(parse_until)
  File "C:\Users\kotch\MOVELIKEAPYTHON\venv\Lib\site-packages\django\template\base.py", line 590, in unclosed_block_tag
    raise self.error(token, msg)
django.template.exceptions.TemplateSyntaxError: Unclosed tag on line 8: 'block'. Looking for one of: endblock.
Simulation de paiement Wave pour SK, montant: 40.00 FCFA
Internal Server Error: /passer_commande/
Traceback (most recent call last):
  File "C:\Users\kotch\MOVELIKEAPYTHON\venv\Lib\site-packages\django\core\handlers\exception.py", line 55, in inner
    response = get_response(request)
               ^^^^^^^^^^^^^^^^^^^^^
  File "C:\Users\kotch\MOVELIKEAPYTHON\venv\Lib\site-packages\django\core\handlers\base.py", line 197, in _get_response
    response = wrapped_callback(request, *callback_args, **callback_kwargs)
               ^^^^^^^^^^^^^^^^^^^^^^^^^^^^^^^^^^^^^^^^^^^^^^^^^^^^^^^^^^^^
  File "C:\Users\kotch\MOVELIKEAPYTHON\venv\Lib\site-packages\django\contrib\auth\decorators.py", line 59, in _view_wrapper
    return view_func(request, *args, **kwargs)
           ^^^^^^^^^^^^^^^^^^^^^^^^^^^^^^^^^^^
  File "C:\Users\kotch\MOVELIKEAPYTHON\restaurant_project\restaurant\views.py", line 312, in passer_commande
    ).latest('date')  # Correction : 'date_creation' -> 'date'
      ^^^^^^^^^^^^^^
  File "C:\Users\kotch\MOVELIKEAPYTHON\venv\Lib\site-packages\django\db\models\query.py", line 1092, in latest
    return self.reverse()._earliest(*fields)
           ^^^^^^^^^^^^^^^^^^^^^^^^^^^^^^^^^
  File "C:\Users\kotch\MOVELIKEAPYTHON\venv\Lib\site-packages\django\db\models\query.py", line 1075, in _earliest
    return obj.get()
           ^^^^^^^^^
  File "C:\Users\kotch\MOVELIKEAPYTHON\venv\Lib\site-packages\django\db\models\query.py", line 633, in get
    raise self.model.DoesNotExist(
restaurant.models.Commande.DoesNotExist: Commande matching query does not exist.
Simulation de paiement Wave pour SK, montant: 20.00 FCFA
Internal Server Error: /passer_commande/
Traceback (most recent call last):
  File "C:\Users\kotch\MOVELIKEAPYTHON\venv\Lib\site-packages\django\core\handlers\exception.py", line 55, in inner
    response = get_response(request)
               ^^^^^^^^^^^^^^^^^^^^^
  File "C:\Users\kotch\MOVELIKEAPYTHON\venv\Lib\site-packages\django\core\handlers\base.py", line 197, in _get_response
    response = wrapped_callback(request, *callback_args, **callback_kwargs)
               ^^^^^^^^^^^^^^^^^^^^^^^^^^^^^^^^^^^^^^^^^^^^^^^^^^^^^^^^^^^^
  File "C:\Users\kotch\MOVELIKEAPYTHON\venv\Lib\site-packages\django\contrib\auth\decorators.py", line 59, in _view_wrapper
    return view_func(request, *args, **kwargs)
           ^^^^^^^^^^^^^^^^^^^^^^^^^^^^^^^^^^^
  File "C:\Users\kotch\MOVELIKEAPYTHON\restaurant_project\restaurant\views.py", line 312, in passer_commande
    ).latest('date')  # Correction : 'date_creation' -> 'date'
      ^^^^^^^^^^^^^^
  File "C:\Users\kotch\MOVELIKEAPYTHON\venv\Lib\site-packages\django\db\models\query.py", line 1092, in latest
    return self.reverse()._earliest(*fields)
           ^^^^^^^^^^^^^^^^^^^^^^^^^^^^^^^^^
  File "C:\Users\kotch\MOVELIKEAPYTHON\venv\Lib\site-packages\django\db\models\query.py", line 1075, in _earliest
    return obj.get()
           ^^^^^^^^^
  File "C:\Users\kotch\MOVELIKEAPYTHON\venv\Lib\site-packages\django\db\models\query.py", line 633, in get
    raise self.model.DoesNotExist(
restaurant.models.Commande.DoesNotExist: Commande matching query does not exist.
C:\Users\kotch\MOVELIKEAPYTHON\restaurant_project\restaurant\views.py changed, reloading.
Watching for file changes with StatReloader
Not Found: /images/bg_2.png
Not Found: /images/about.jpg
Not Found: /images/pizza-1.jpg
Not Found: /images/pizza-2.jpg
Not Found: /images/pizza-3.jpg
Not Found: /images/pizza-4.jpg
Not Found: /images/pizza-6.jpg
Not Found: /images/pizza-5.jpg
Not Found: /images/pizza-7.jpg
Not Found: /images/pizza-8.jpg
Not Found: /images/gallery-1.jpg
Not Found: /images/gallery-2.jpg
Not Found: /images/gallery-3.jpg
Not Found: /images/gallery-4.jpg
Not Found: /images/bg_2.jpg
Not Found: /images/image_1.jpg
Not Found: /images/image_2.jpg
Not Found: /images/image_3.jpg
Not Found: /images/bg_1.jpg
Not Found: /images/bg_3.jpg
Not Found: /images/bg_2.png
Simulation de paiement Wave pour SK, montant: 29.00 FCFA
Internal Server Error: /passer_commande/
Traceback (most recent call last):
  File "C:\Users\kotch\MOVELIKEAPYTHON\venv\Lib\site-packages\django\core\handlers\exception.py", line 55, in inner
    response = get_response(request)
               ^^^^^^^^^^^^^^^^^^^^^
  File "C:\Users\kotch\MOVELIKEAPYTHON\venv\Lib\site-packages\django\core\handlers\base.py", line 197, in _get_response
    response = wrapped_callback(request, *callback_args, **callback_kwargs)
               ^^^^^^^^^^^^^^^^^^^^^^^^^^^^^^^^^^^^^^^^^^^^^^^^^^^^^^^^^^^^
  File "C:\Users\kotch\MOVELIKEAPYTHON\venv\Lib\site-packages\django\contrib\auth\decorators.py", line 59, in _view_wrapper
    return view_func(request, *args, **kwargs)
           ^^^^^^^^^^^^^^^^^^^^^^^^^^^^^^^^^^^
  File "C:\Users\kotch\MOVELIKEAPYTHON\restaurant_project\restaurant\views.py", line 303, in passer_commande
    commande = Commande.objects.create(
               ^^^^^^^^^^^^^^^^^^^^^^^^
  File "C:\Users\kotch\MOVELIKEAPYTHON\venv\Lib\site-packages\django\db\models\manager.py", line 87, in manager_method
    return getattr(self.get_queryset(), name)(*args, **kwargs)
           ^^^^^^^^^^^^^^^^^^^^^^^^^^^^^^^^^^^^^^^^^^^^^^^^^^^
  File "C:\Users\kotch\MOVELIKEAPYTHON\venv\Lib\site-packages\django\db\models\query.py", line 661, in create
    obj = self.model(**kwargs)
          ^^^^^^^^^^^^^^^^^^^^
  File "C:\Users\kotch\MOVELIKEAPYTHON\venv\Lib\site-packages\django\db\models\base.py", line 569, in __init__
    raise TypeError(
TypeError: Commande() got unexpected keyword arguments: 'payment_method'
C:\Users\kotch\MOVELIKEAPYTHON\restaurant_project\restaurant\views.py changed, reloading.
Watching for file changes with StatReloader
Internal Server Error: /passer_commande/
Traceback (most recent call last):
  File "C:\Users\kotch\MOVELIKEAPYTHON\venv\Lib\site-packages\django\core\handlers\exception.py", line 55, in inner
    response = get_response(request)
               ^^^^^^^^^^^^^^^^^^^^^
  File "C:\Users\kotch\MOVELIKEAPYTHON\venv\Lib\site-packages\django\core\handlers\base.py", line 197, in _get_response
    response = wrapped_callback(request, *callback_args, **callback_kwargs)
               ^^^^^^^^^^^^^^^^^^^^^^^^^^^^^^^^^^^^^^^^^^^^^^^^^^^^^^^^^^^^
  File "C:\Users\kotch\MOVELIKEAPYTHON\venv\Lib\site-packages\django\contrib\auth\decorators.py", line 59, in _view_wrapper
    return view_func(request, *args, **kwargs)
           ^^^^^^^^^^^^^^^^^^^^^^^^^^^^^^^^^^^
  File "C:\Users\kotch\MOVELIKEAPYTHON\restaurant_project\restaurant\views.py", line 291, in passer_commande
    commande = Commande.objects.create(
               ^^^^^^^^^^^^^^^^^^^^^^^^
  File "C:\Users\kotch\MOVELIKEAPYTHON\venv\Lib\site-packages\django\db\models\manager.py", line 87, in manager_method
    return getattr(self.get_queryset(), name)(*args, **kwargs)
           ^^^^^^^^^^^^^^^^^^^^^^^^^^^^^^^^^^^^^^^^^^^^^^^^^^^
  File "C:\Users\kotch\MOVELIKEAPYTHON\venv\Lib\site-packages\django\db\models\query.py", line 661, in create
    obj = self.model(**kwargs)
          ^^^^^^^^^^^^^^^^^^^^
  File "C:\Users\kotch\MOVELIKEAPYTHON\venv\Lib\site-packages\django\db\models\base.py", line 569, in __init__
    raise TypeError(
TypeError: Commande() got unexpected keyword arguments: 'payment_method'
Internal Server Error: /passer_commande/
Traceback (most recent call last):
  File "C:\Users\kotch\MOVELIKEAPYTHON\venv\Lib\site-packages\django\core\handlers\exception.py", line 55, in inner
    response = get_response(request)
               ^^^^^^^^^^^^^^^^^^^^^
  File "C:\Users\kotch\MOVELIKEAPYTHON\venv\Lib\site-packages\django\core\handlers\base.py", line 197, in _get_response
    response = wrapped_callback(request, *callback_args, **callback_kwargs)
               ^^^^^^^^^^^^^^^^^^^^^^^^^^^^^^^^^^^^^^^^^^^^^^^^^^^^^^^^^^^^
  File "C:\Users\kotch\MOVELIKEAPYTHON\venv\Lib\site-packages\django\contrib\auth\decorators.py", line 59, in _view_wrapper
    return view_func(request, *args, **kwargs)
           ^^^^^^^^^^^^^^^^^^^^^^^^^^^^^^^^^^^
  File "C:\Users\kotch\MOVELIKEAPYTHON\restaurant_project\restaurant\views.py", line 291, in passer_commande
    commande = Commande.objects.create(
               ^^^^^^^^^^^^^^^^^^^^^^^^
  File "C:\Users\kotch\MOVELIKEAPYTHON\venv\Lib\site-packages\django\db\models\manager.py", line 87, in manager_method
    return getattr(self.get_queryset(), name)(*args, **kwargs)
           ^^^^^^^^^^^^^^^^^^^^^^^^^^^^^^^^^^^^^^^^^^^^^^^^^^^
  File "C:\Users\kotch\MOVELIKEAPYTHON\venv\Lib\site-packages\django\db\models\query.py", line 661, in create
    obj = self.model(**kwargs)
          ^^^^^^^^^^^^^^^^^^^^
  File "C:\Users\kotch\MOVELIKEAPYTHON\venv\Lib\site-packages\django\db\models\base.py", line 569, in __init__
    raise TypeError(
TypeError: Commande() got unexpected keyword arguments: 'payment_method'
C:\Users\kotch\MOVELIKEAPYTHON\restaurant_project\restaurant\views.py changed, reloading.
Watching for file changes with StatReloader
C:\Users\kotch\MOVELIKEAPYTHON\restaurant_project\restaurant\views.py changed, reloading.
Watching for file changes with StatReloader
C:\Users\kotch\MOVELIKEAPYTHON\restaurant_project\restaurant\views.py changed, reloading.
Watching for file changes with StatReloader
C:\Users\kotch\MOVELIKEAPYTHON\restaurant_project\restaurant\views.py changed, reloading.
Watching for file changes with StatReloader
C:\Users\kotch\MOVELIKEAPYTHON\restaurant_project\restaurant\views.py changed, reloading.
Watching for file changes with StatReloader
Not Found: /images/bg_2.png
Not Found: /images/about.jpg
Not Found: /images/pizza-1.jpg
Not Found: /images/pizza-2.jpg
Not Found: /images/pizza-3.jpg
Not Found: /images/pizza-6.jpg
Not Found: /images/pizza-4.jpg
Not Found: /images/pizza-5.jpg
Not Found: /images/pizza-7.jpg
Not Found: /images/pizza-8.jpg
Not Found: /images/gallery-1.jpg
Not Found: /images/gallery-2.jpg
Not Found: /images/gallery-4.jpg
Not Found: /images/gallery-3.jpg
Not Found: /images/bg_2.jpg
Not Found: /images/image_1.jpg
Not Found: /images/image_3.jpg
Not Found: /images/image_2.jpg
Not Found: /images/bg_1.jpg
Not Found: /images/bg_3.jpg
Not Found: /images/bg_2.png
Not Found: /images/bg_2.png
Not Found: /images/about.jpg
Not Found: /images/pizza-2.jpg
Not Found: /images/pizza-3.jpg
Not Found: /images/pizza-1.jpg
Not Found: /images/pizza-4.jpg
Not Found: /images/pizza-5.jpg
Not Found: /images/bg_1.jpg
Not Found: /images/bg_2.jpg
Not Found: /images/pizza-6.jpg
Not Found: /images/bg_3.jpg
Not Found: /images/pizza-7.jpg
Not Found: /images/pizza-8.jpg
Not Found: /images/gallery-1.jpg
Not Found: /images/gallery-2.jpg
Not Found: /images/image_1.jpg
Not Found: /images/gallery-4.jpg
Not Found: /images/gallery-3.jpg
Not Found: /images/image_2.jpg
Not Found: /images/image_3.jpg
Not Found: /images/bg_2.png
Internal Server Error: /passer_commande/
Traceback (most recent call last):
  File "C:\Users\kotch\MOVELIKEAPYTHON\venv\Lib\site-packages\django\core\handlers\exception.py", line 55, in inner
    response = get_response(request)
               ^^^^^^^^^^^^^^^^^^^^^
  File "C:\Users\kotch\MOVELIKEAPYTHON\venv\Lib\site-packages\django\core\handlers\base.py", line 197, in _get_response
    response = wrapped_callback(request, *callback_args, **callback_kwargs)
               ^^^^^^^^^^^^^^^^^^^^^^^^^^^^^^^^^^^^^^^^^^^^^^^^^^^^^^^^^^^^
  File "C:\Users\kotch\MOVELIKEAPYTHON\venv\Lib\site-packages\django\contrib\auth\decorators.py", line 59, in _view_wrapper
    return view_func(request, *args, **kwargs)
           ^^^^^^^^^^^^^^^^^^^^^^^^^^^^^^^^^^^
  File "C:\Users\kotch\MOVELIKEAPYTHON\restaurant_project\restaurant\views.py", line 271, in passer_commande
    panier = Panier.objects.filter(user=request.user).first()  # Adjust based on your cart logic
             ^^^^^^^^^^^^^^^^^^^^^^^^^^^^^^^^^^^^^^^^
  File "C:\Users\kotch\MOVELIKEAPYTHON\venv\Lib\site-packages\django\db\models\manager.py", line 87, in manager_method
    return getattr(self.get_queryset(), name)(*args, **kwargs)
           ^^^^^^^^^^^^^^^^^^^^^^^^^^^^^^^^^^^^^^^^^^^^^^^^^^^
  File "C:\Users\kotch\MOVELIKEAPYTHON\venv\Lib\site-packages\django\db\models\query.py", line 1481, in filter
    return self._filter_or_exclude(False, args, kwargs)
           ^^^^^^^^^^^^^^^^^^^^^^^^^^^^^^^^^^^^^^^^^^^^
  File "C:\Users\kotch\MOVELIKEAPYTHON\venv\Lib\site-packages\django\db\models\query.py", line 1499, in _filter_or_exclude
    clone._filter_or_exclude_inplace(negate, args, kwargs)
  File "C:\Users\kotch\MOVELIKEAPYTHON\venv\Lib\site-packages\django\db\models\query.py", line 1506, in _filter_or_exclude_inplace
    self._query.add_q(Q(*args, **kwargs))
  File "C:\Users\kotch\MOVELIKEAPYTHON\venv\Lib\site-packages\django\db\models\sql\query.py", line 1643, in add_q
    clause, _ = self._add_q(q_object, can_reuse)
                ^^^^^^^^^^^^^^^^^^^^^^^^^^^^^^^^
  File "C:\Users\kotch\MOVELIKEAPYTHON\venv\Lib\site-packages\django\db\models\sql\query.py", line 1675, in _add_q
    child_clause, needed_inner = self.build_filter(
                                 ^^^^^^^^^^^^^^^^^^
  File "C:\Users\kotch\MOVELIKEAPYTHON\venv\Lib\site-packages\django\db\models\sql\query.py", line 1523, in build_filter
    lookups, parts, reffed_expression = self.solve_lookup_type(arg, summarize)
                                        ^^^^^^^^^^^^^^^^^^^^^^^^^^^^^^^^^^^^^^
  File "C:\Users\kotch\MOVELIKEAPYTHON\venv\Lib\site-packages\django\db\models\sql\query.py", line 1330, in solve_lookup_type
    _, field, _, lookup_parts = self.names_to_path(lookup_splitted, self.get_meta())
                                ^^^^^^^^^^^^^^^^^^^^^^^^^^^^^^^^^^^^^^^^^^^^^^^^^^^^
  File "C:\Users\kotch\MOVELIKEAPYTHON\venv\Lib\site-packages\django\db\models\sql\query.py", line 1802, in names_to_path
    raise FieldError(
django.core.exceptions.FieldError: Cannot resolve keyword 'user' into field. Choices are: date_creation, id, panieritem, statut, utilisateur, utilisateur_id
C:\Users\kotch\MOVELIKEAPYTHON\restaurant_project\restaurant\views.py changed, reloading.
Watching for file changes with StatReloader
C:\Users\kotch\MOVELIKEAPYTHON\restaurant_project\restaurant\views.py changed, reloading.
Watching for file changes with StatReloader
C:\Users\kotch\MOVELIKEAPYTHON\restaurant_project\restaurant\views.py changed, reloading.
Watching for file changes with StatReloader
C:\Users\kotch\MOVELIKEAPYTHON\restaurant_project\restaurant\views.py changed, reloading.
Watching for file changes with StatReloader
Not Found: /images/bg_2.png
Not Found: /images/about.jpg
Not Found: /images/pizza-1.jpg
Not Found: /images/pizza-2.jpg
Not Found: /images/pizza-3.jpg
Not Found: /images/pizza-6.jpg
Not Found: /images/pizza-4.jpg
Not Found: /images/pizza-5.jpg
Not Found: /images/pizza-7.jpg
Not Found: /images/pizza-8.jpg
Not Found: /images/gallery-2.jpg
Not Found: /images/gallery-1.jpg
Not Found: /images/gallery-3.jpg
Not Found: /images/bg_2.jpg
Not Found: /images/gallery-4.jpg
Not Found: /images/image_2.jpg
Not Found: /images/image_1.jpg
Not Found: /images/image_3.jpg
Not Found: /images/bg_1.jpg
Not Found: /images/bg_2.jpg
Not Found: /images/bg_3.jpg
Not Found: /images/bg_2.png
Internal Server Error: /passer_commande/
Traceback (most recent call last):
  File "C:\Users\kotch\MOVELIKEAPYTHON\venv\Lib\site-packages\django\core\handlers\exception.py", line 55, in inner
    response = get_response(request)
               ^^^^^^^^^^^^^^^^^^^^^
  File "C:\Users\kotch\MOVELIKEAPYTHON\venv\Lib\site-packages\django\core\handlers\base.py", line 197, in _get_response
    response = wrapped_callback(request, *callback_args, **callback_kwargs)
               ^^^^^^^^^^^^^^^^^^^^^^^^^^^^^^^^^^^^^^^^^^^^^^^^^^^^^^^^^^^^
  File "C:\Users\kotch\MOVELIKEAPYTHON\venv\Lib\site-packages\django\contrib\auth\decorators.py", line 59, in _view_wrapper
    return view_func(request, *args, **kwargs)
           ^^^^^^^^^^^^^^^^^^^^^^^^^^^^^^^^^^^
  File "C:\Users\kotch\MOVELIKEAPYTHON\restaurant_project\restaurant\views.py", line 299, in passer_commande
    commande = Commande.objects.create(
               ^^^^^^^^^^^^^^^^^^^^^^^^
  File "C:\Users\kotch\MOVELIKEAPYTHON\venv\Lib\site-packages\django\db\models\manager.py", line 87, in manager_method
    return getattr(self.get_queryset(), name)(*args, **kwargs)
           ^^^^^^^^^^^^^^^^^^^^^^^^^^^^^^^^^^^^^^^^^^^^^^^^^^^
  File "C:\Users\kotch\MOVELIKEAPYTHON\venv\Lib\site-packages\django\db\models\query.py", line 661, in create
    obj = self.model(**kwargs)
          ^^^^^^^^^^^^^^^^^^^^
  File "C:\Users\kotch\MOVELIKEAPYTHON\venv\Lib\site-packages\django\db\models\base.py", line 569, in __init__
    raise TypeError(
TypeError: Commande() got unexpected keyword arguments: 'payment_method', 'date_creation'
Internal Server Error: /panier/
Traceback (most recent call last):
  File "C:\Users\kotch\MOVELIKEAPYTHON\venv\Lib\site-packages\django\core\handlers\exception.py", line 55, in inner
    response = get_response(request)
               ^^^^^^^^^^^^^^^^^^^^^
  File "C:\Users\kotch\MOVELIKEAPYTHON\venv\Lib\site-packages\django\core\handlers\base.py", line 197, in _get_response
    response = wrapped_callback(request, *callback_args, **callback_kwargs)
               ^^^^^^^^^^^^^^^^^^^^^^^^^^^^^^^^^^^^^^^^^^^^^^^^^^^^^^^^^^^^
  File "C:\Users\kotch\MOVELIKEAPYTHON\venv\Lib\site-packages\django\contrib\auth\decorators.py", line 59, in _view_wrapper
    return view_func(request, *args, **kwargs)
           ^^^^^^^^^^^^^^^^^^^^^^^^^^^^^^^^^^^
  File "C:\Users\kotch\MOVELIKEAPYTHON\restaurant_project\restaurant\views.py", line 249, in voir_panier
    return render(request, 'restaurant/panier.html', {'panier': panier})
           ^^^^^^^^^^^^^^^^^^^^^^^^^^^^^^^^^^^^^^^^^^^^^^^^^^^^^^^^^^^^^
  File "C:\Users\kotch\MOVELIKEAPYTHON\venv\Lib\site-packages\django\shortcuts.py", line 25, in render
    content = loader.render_to_string(template_name, context, request, using=using)
              ^^^^^^^^^^^^^^^^^^^^^^^^^^^^^^^^^^^^^^^^^^^^^^^^^^^^^^^^^^^^^^^^^^^^^
  File "C:\Users\kotch\MOVELIKEAPYTHON\venv\Lib\site-packages\django\template\loader.py", line 62, in render_to_string
    return template.render(context, request)
           ^^^^^^^^^^^^^^^^^^^^^^^^^^^^^^^^^
  File "C:\Users\kotch\MOVELIKEAPYTHON\venv\Lib\site-packages\django\template\backends\django.py", line 107, in render
    return self.template.render(context)
           ^^^^^^^^^^^^^^^^^^^^^^^^^^^^^
  File "C:\Users\kotch\MOVELIKEAPYTHON\venv\Lib\site-packages\django\template\base.py", line 171, in render
    return self._render(context)
           ^^^^^^^^^^^^^^^^^^^^^
  File "C:\Users\kotch\MOVELIKEAPYTHON\venv\Lib\site-packages\django\template\base.py", line 163, in _render
    return self.nodelist.render(context)
           ^^^^^^^^^^^^^^^^^^^^^^^^^^^^^
  File "C:\Users\kotch\MOVELIKEAPYTHON\venv\Lib\site-packages\django\template\base.py", line 1016, in render
    return SafeString("".join([node.render_annotated(context) for node in self]))
                               ^^^^^^^^^^^^^^^^^^^^^^^^^^^^^^
  File "C:\Users\kotch\MOVELIKEAPYTHON\venv\Lib\site-packages\django\template\base.py", line 977, in render_annotated
    return self.render(context)
           ^^^^^^^^^^^^^^^^^^^^
  File "C:\Users\kotch\MOVELIKEAPYTHON\venv\Lib\site-packages\django\template\loader_tags.py", line 159, in render
    return compiled_parent._render(context)
           ^^^^^^^^^^^^^^^^^^^^^^^^^^^^^^^^
  File "C:\Users\kotch\MOVELIKEAPYTHON\venv\Lib\site-packages\django\template\base.py", line 163, in _render
    return self.nodelist.render(context)
           ^^^^^^^^^^^^^^^^^^^^^^^^^^^^^
  File "C:\Users\kotch\MOVELIKEAPYTHON\venv\Lib\site-packages\django\template\base.py", line 1016, in render
    return SafeString("".join([node.render_annotated(context) for node in self]))
                               ^^^^^^^^^^^^^^^^^^^^^^^^^^^^^^
  File "C:\Users\kotch\MOVELIKEAPYTHON\venv\Lib\site-packages\django\template\base.py", line 977, in render_annotated
    return self.render(context)
           ^^^^^^^^^^^^^^^^^^^^
  File "C:\Users\kotch\MOVELIKEAPYTHON\venv\Lib\site-packages\django\template\loader_tags.py", line 65, in render
    result = block.nodelist.render(context)
             ^^^^^^^^^^^^^^^^^^^^^^^^^^^^^^
  File "C:\Users\kotch\MOVELIKEAPYTHON\venv\Lib\site-packages\django\template\base.py", line 1016, in render
    return SafeString("".join([node.render_annotated(context) for node in self]))
                               ^^^^^^^^^^^^^^^^^^^^^^^^^^^^^^
  File "C:\Users\kotch\MOVELIKEAPYTHON\venv\Lib\site-packages\django\template\base.py", line 977, in render_annotated
    return self.render(context)
           ^^^^^^^^^^^^^^^^^^^^
  File "C:\Users\kotch\MOVELIKEAPYTHON\venv\Lib\site-packages\django\template\defaulttags.py", line 327, in render
    return nodelist.render(context)
           ^^^^^^^^^^^^^^^^^^^^^^^^
  File "C:\Users\kotch\MOVELIKEAPYTHON\venv\Lib\site-packages\django\template\base.py", line 1016, in render
    return SafeString("".join([node.render_annotated(context) for node in self]))
                               ^^^^^^^^^^^^^^^^^^^^^^^^^^^^^^
  File "C:\Users\kotch\MOVELIKEAPYTHON\venv\Lib\site-packages\django\template\base.py", line 977, in render_annotated
    return self.render(context)
           ^^^^^^^^^^^^^^^^^^^^
  File "C:\Users\kotch\MOVELIKEAPYTHON\venv\Lib\site-packages\django\template\defaulttags.py", line 480, in render
    url = reverse(view_name, args=args, kwargs=kwargs, current_app=current_app)
          ^^^^^^^^^^^^^^^^^^^^^^^^^^^^^^^^^^^^^^^^^^^^^^^^^^^^^^^^^^^^^^^^^^^^^
  File "C:\Users\kotch\MOVELIKEAPYTHON\venv\Lib\site-packages\django\urls\base.py", line 98, in reverse
    resolved_url = resolver._reverse_with_prefix(view, prefix, *args, **kwargs)
                   ^^^^^^^^^^^^^^^^^^^^^^^^^^^^^^^^^^^^^^^^^^^^^^^^^^^^^^^^^^^^
  File "C:\Users\kotch\MOVELIKEAPYTHON\venv\Lib\site-packages\django\urls\resolvers.py", line 831, in _reverse_with_prefix
    raise NoReverseMatch(msg)
django.urls.exceptions.NoReverseMatch: Reverse for 'commande_confirmee' not found. 'commande_confirmee' is not a valid view function or pattern name.
Internal Server Error: /panier/
Traceback (most recent call last):
  File "C:\Users\kotch\MOVELIKEAPYTHON\venv\Lib\site-packages\django\core\handlers\exception.py", line 55, in inner
    response = get_response(request)
               ^^^^^^^^^^^^^^^^^^^^^
  File "C:\Users\kotch\MOVELIKEAPYTHON\venv\Lib\site-packages\django\core\handlers\base.py", line 197, in _get_response
    response = wrapped_callback(request, *callback_args, **callback_kwargs)
               ^^^^^^^^^^^^^^^^^^^^^^^^^^^^^^^^^^^^^^^^^^^^^^^^^^^^^^^^^^^^
  File "C:\Users\kotch\MOVELIKEAPYTHON\venv\Lib\site-packages\django\contrib\auth\decorators.py", line 59, in _view_wrapper
    return view_func(request, *args, **kwargs)
           ^^^^^^^^^^^^^^^^^^^^^^^^^^^^^^^^^^^
  File "C:\Users\kotch\MOVELIKEAPYTHON\restaurant_project\restaurant\views.py", line 249, in voir_panier
    return render(request, 'restaurant/panier.html', {'panier': panier})
           ^^^^^^^^^^^^^^^^^^^^^^^^^^^^^^^^^^^^^^^^^^^^^^^^^^^^^^^^^^^^^
  File "C:\Users\kotch\MOVELIKEAPYTHON\venv\Lib\site-packages\django\shortcuts.py", line 25, in render
    content = loader.render_to_string(template_name, context, request, using=using)
              ^^^^^^^^^^^^^^^^^^^^^^^^^^^^^^^^^^^^^^^^^^^^^^^^^^^^^^^^^^^^^^^^^^^^^
  File "C:\Users\kotch\MOVELIKEAPYTHON\venv\Lib\site-packages\django\template\loader.py", line 62, in render_to_string
    return template.render(context, request)
           ^^^^^^^^^^^^^^^^^^^^^^^^^^^^^^^^^
  File "C:\Users\kotch\MOVELIKEAPYTHON\venv\Lib\site-packages\django\template\backends\django.py", line 107, in render
    return self.template.render(context)
           ^^^^^^^^^^^^^^^^^^^^^^^^^^^^^
  File "C:\Users\kotch\MOVELIKEAPYTHON\venv\Lib\site-packages\django\template\base.py", line 171, in render
    return self._render(context)
           ^^^^^^^^^^^^^^^^^^^^^
  File "C:\Users\kotch\MOVELIKEAPYTHON\venv\Lib\site-packages\django\template\base.py", line 163, in _render
    return self.nodelist.render(context)
           ^^^^^^^^^^^^^^^^^^^^^^^^^^^^^
  File "C:\Users\kotch\MOVELIKEAPYTHON\venv\Lib\site-packages\django\template\base.py", line 1016, in render
    return SafeString("".join([node.render_annotated(context) for node in self]))
                               ^^^^^^^^^^^^^^^^^^^^^^^^^^^^^^
  File "C:\Users\kotch\MOVELIKEAPYTHON\venv\Lib\site-packages\django\template\base.py", line 977, in render_annotated
    return self.render(context)
           ^^^^^^^^^^^^^^^^^^^^
  File "C:\Users\kotch\MOVELIKEAPYTHON\venv\Lib\site-packages\django\template\loader_tags.py", line 159, in render
    return compiled_parent._render(context)
           ^^^^^^^^^^^^^^^^^^^^^^^^^^^^^^^^
  File "C:\Users\kotch\MOVELIKEAPYTHON\venv\Lib\site-packages\django\template\base.py", line 163, in _render
    return self.nodelist.render(context)
           ^^^^^^^^^^^^^^^^^^^^^^^^^^^^^
  File "C:\Users\kotch\MOVELIKEAPYTHON\venv\Lib\site-packages\django\template\base.py", line 1016, in render
    return SafeString("".join([node.render_annotated(context) for node in self]))
                               ^^^^^^^^^^^^^^^^^^^^^^^^^^^^^^
  File "C:\Users\kotch\MOVELIKEAPYTHON\venv\Lib\site-packages\django\template\base.py", line 977, in render_annotated
    return self.render(context)
           ^^^^^^^^^^^^^^^^^^^^
  File "C:\Users\kotch\MOVELIKEAPYTHON\venv\Lib\site-packages\django\template\loader_tags.py", line 65, in render
    result = block.nodelist.render(context)
             ^^^^^^^^^^^^^^^^^^^^^^^^^^^^^^
  File "C:\Users\kotch\MOVELIKEAPYTHON\venv\Lib\site-packages\django\template\base.py", line 1016, in render
    return SafeString("".join([node.render_annotated(context) for node in self]))
                               ^^^^^^^^^^^^^^^^^^^^^^^^^^^^^^
  File "C:\Users\kotch\MOVELIKEAPYTHON\venv\Lib\site-packages\django\template\base.py", line 977, in render_annotated
    return self.render(context)
           ^^^^^^^^^^^^^^^^^^^^
  File "C:\Users\kotch\MOVELIKEAPYTHON\venv\Lib\site-packages\django\template\defaulttags.py", line 327, in render
    return nodelist.render(context)
           ^^^^^^^^^^^^^^^^^^^^^^^^
  File "C:\Users\kotch\MOVELIKEAPYTHON\venv\Lib\site-packages\django\template\base.py", line 1016, in render
    return SafeString("".join([node.render_annotated(context) for node in self]))
                               ^^^^^^^^^^^^^^^^^^^^^^^^^^^^^^
  File "C:\Users\kotch\MOVELIKEAPYTHON\venv\Lib\site-packages\django\template\base.py", line 977, in render_annotated
    return self.render(context)
           ^^^^^^^^^^^^^^^^^^^^
  File "C:\Users\kotch\MOVELIKEAPYTHON\venv\Lib\site-packages\django\template\defaulttags.py", line 480, in render
    url = reverse(view_name, args=args, kwargs=kwargs, current_app=current_app)
          ^^^^^^^^^^^^^^^^^^^^^^^^^^^^^^^^^^^^^^^^^^^^^^^^^^^^^^^^^^^^^^^^^^^^^
  File "C:\Users\kotch\MOVELIKEAPYTHON\venv\Lib\site-packages\django\urls\base.py", line 98, in reverse
    resolved_url = resolver._reverse_with_prefix(view, prefix, *args, **kwargs)
                   ^^^^^^^^^^^^^^^^^^^^^^^^^^^^^^^^^^^^^^^^^^^^^^^^^^^^^^^^^^^^
  File "C:\Users\kotch\MOVELIKEAPYTHON\venv\Lib\site-packages\django\urls\resolvers.py", line 831, in _reverse_with_prefix
    raise NoReverseMatch(msg)
django.urls.exceptions.NoReverseMatch: Reverse for 'commande_confirmee' not found. 'commande_confirmee' is not a valid view function or pattern name.
C:\Users\kotch\MOVELIKEAPYTHON\restaurant_project\restaurant\urls.py changed, reloading.
Watching for file changes with StatReloader
Internal Server Error: /commande-confirmee/
Traceback (most recent call last):
  File "C:\Users\kotch\MOVELIKEAPYTHON\venv\Lib\site-packages\django\core\handlers\exception.py", line 55, in inner
    response = get_response(request)
               ^^^^^^^^^^^^^^^^^^^^^
  File "C:\Users\kotch\MOVELIKEAPYTHON\venv\Lib\site-packages\django\core\handlers\base.py", line 197, in _get_response
    response = wrapped_callback(request, *callback_args, **callback_kwargs)
               ^^^^^^^^^^^^^^^^^^^^^^^^^^^^^^^^^^^^^^^^^^^^^^^^^^^^^^^^^^^^
  File "C:\Users\kotch\MOVELIKEAPYTHON\venv\Lib\site-packages\django\contrib\auth\decorators.py", line 59, in _view_wrapper
    return view_func(request, *args, **kwargs)
           ^^^^^^^^^^^^^^^^^^^^^^^^^^^^^^^^^^^
TypeError: commande_confirmee() missing 1 required positional argument: 'commande_id'
C:\Users\kotch\MOVELIKEAPYTHON\restaurant_project\restaurant\views.py changed, reloading.
Watching for file changes with StatReloader
C:\Users\kotch\MOVELIKEAPYTHON\restaurant_project\restaurant\views.py changed, reloading.
Watching for file changes with StatReloader
Internal Server Error: /commande-confirmee/
Traceback (most recent call last):
  File "C:\Users\kotch\MOVELIKEAPYTHON\venv\Lib\site-packages\django\core\handlers\exception.py", line 55, in inner
    response = get_response(request)
               ^^^^^^^^^^^^^^^^^^^^^
  File "C:\Users\kotch\MOVELIKEAPYTHON\venv\Lib\site-packages\django\core\handlers\base.py", line 197, in _get_response
    response = wrapped_callback(request, *callback_args, **callback_kwargs)
               ^^^^^^^^^^^^^^^^^^^^^^^^^^^^^^^^^^^^^^^^^^^^^^^^^^^^^^^^^^^^
  File "C:\Users\kotch\MOVELIKEAPYTHON\restaurant_project\restaurant\views.py", line 441, in commande_confirmee
    return render(request, 'restaurant/commande_confirmee.html')
           ^^^^^^^^^^^^^^^^^^^^^^^^^^^^^^^^^^^^^^^^^^^^^^^^^^^^^
  File "C:\Users\kotch\MOVELIKEAPYTHON\venv\Lib\site-packages\django\shortcuts.py", line 25, in render
    content = loader.render_to_string(template_name, context, request, using=using)
              ^^^^^^^^^^^^^^^^^^^^^^^^^^^^^^^^^^^^^^^^^^^^^^^^^^^^^^^^^^^^^^^^^^^^^
  File "C:\Users\kotch\MOVELIKEAPYTHON\venv\Lib\site-packages\django\template\loader.py", line 61, in render_to_string
    template = get_template(template_name, using=using)
               ^^^^^^^^^^^^^^^^^^^^^^^^^^^^^^^^^^^^^^^^
  File "C:\Users\kotch\MOVELIKEAPYTHON\venv\Lib\site-packages\django\template\loader.py", line 15, in get_template
    return engine.get_template(template_name)
           ^^^^^^^^^^^^^^^^^^^^^^^^^^^^^^^^^^
  File "C:\Users\kotch\MOVELIKEAPYTHON\venv\Lib\site-packages\django\template\backends\django.py", line 79, in get_template
    return Template(self.engine.get_template(template_name), self)
                    ^^^^^^^^^^^^^^^^^^^^^^^^^^^^^^^^^^^^^^^
  File "C:\Users\kotch\MOVELIKEAPYTHON\venv\Lib\site-packages\django\template\engine.py", line 177, in get_template
    template, origin = self.find_template(template_name)
                       ^^^^^^^^^^^^^^^^^^^^^^^^^^^^^^^^^
  File "C:\Users\kotch\MOVELIKEAPYTHON\venv\Lib\site-packages\django\template\engine.py", line 159, in find_template
    template = loader.get_template(name, skip=skip)
               ^^^^^^^^^^^^^^^^^^^^^^^^^^^^^^^^^^^^
  File "C:\Users\kotch\MOVELIKEAPYTHON\venv\Lib\site-packages\django\template\loaders\cached.py", line 57, in get_template
    template = super().get_template(template_name, skip)
               ^^^^^^^^^^^^^^^^^^^^^^^^^^^^^^^^^^^^^^^^^
  File "C:\Users\kotch\MOVELIKEAPYTHON\venv\Lib\site-packages\django\template\loaders\base.py", line 28, in get_template
    return Template(
           ^^^^^^^^^
  File "C:\Users\kotch\MOVELIKEAPYTHON\venv\Lib\site-packages\django\template\base.py", line 154, in __init__
    self.nodelist = self.compile_nodelist()
                    ^^^^^^^^^^^^^^^^^^^^^^^
  File "C:\Users\kotch\MOVELIKEAPYTHON\venv\Lib\site-packages\django\template\base.py", line 196, in compile_nodelist
    nodelist = parser.parse()
               ^^^^^^^^^^^^^^
  File "C:\Users\kotch\MOVELIKEAPYTHON\venv\Lib\site-packages\django\template\base.py", line 518, in parse
    raise self.error(token, e)
  File "C:\Users\kotch\MOVELIKEAPYTHON\venv\Lib\site-packages\django\template\base.py", line 516, in parse
    compiled_result = compile_func(self, token)
                      ^^^^^^^^^^^^^^^^^^^^^^^^^
  File "C:\Users\kotch\MOVELIKEAPYTHON\venv\Lib\site-packages\django\template\loader_tags.py", line 299, in do_extends
    nodelist = parser.parse()
               ^^^^^^^^^^^^^^
  File "C:\Users\kotch\MOVELIKEAPYTHON\venv\Lib\site-packages\django\template\base.py", line 518, in parse
    raise self.error(token, e)
  File "C:\Users\kotch\MOVELIKEAPYTHON\venv\Lib\site-packages\django\template\base.py", line 516, in parse
    compiled_result = compile_func(self, token)
                      ^^^^^^^^^^^^^^^^^^^^^^^^^
  File "C:\Users\kotch\MOVELIKEAPYTHON\venv\Lib\site-packages\django\template\loader_tags.py", line 234, in do_block
    nodelist = parser.parse(("endblock",))
               ^^^^^^^^^^^^^^^^^^^^^^^^^^^
  File "C:\Users\kotch\MOVELIKEAPYTHON\venv\Lib\site-packages\django\template\base.py", line 518, in parse
    raise self.error(token, e)
  File "C:\Users\kotch\MOVELIKEAPYTHON\venv\Lib\site-packages\django\template\base.py", line 516, in parse
    compiled_result = compile_func(self, token)
                      ^^^^^^^^^^^^^^^^^^^^^^^^^
  File "C:\Users\kotch\MOVELIKEAPYTHON\venv\Lib\site-packages\django\template\defaulttags.py", line 862, in do_for
    nodelist_loop = parser.parse(
                    ^^^^^^^^^^^^^
  File "C:\Users\kotch\MOVELIKEAPYTHON\venv\Lib\site-packages\django\template\base.py", line 489, in parse
    raise self.error(token, e)
  File "C:\Users\kotch\MOVELIKEAPYTHON\venv\Lib\site-packages\django\template\base.py", line 487, in parse
    filter_expression = self.compile_filter(token.contents)
                        ^^^^^^^^^^^^^^^^^^^^^^^^^^^^^^^^^^^
  File "C:\Users\kotch\MOVELIKEAPYTHON\venv\Lib\site-packages\django\template\base.py", line 609, in compile_filter
    return FilterExpression(token, self)
           ^^^^^^^^^^^^^^^^^^^^^^^^^^^^^
  File "C:\Users\kotch\MOVELIKEAPYTHON\venv\Lib\site-packages\django\template\base.py", line 705, in __init__
    filter_func = parser.find_filter(filter_name)
                  ^^^^^^^^^^^^^^^^^^^^^^^^^^^^^^^
  File "C:\Users\kotch\MOVELIKEAPYTHON\venv\Lib\site-packages\django\template\base.py", line 615, in find_filter
    raise TemplateSyntaxError("Invalid filter: '%s'" % filter_name)
django.template.exceptions.TemplateSyntaxError: Invalid filter: 'multiply'
C:\Users\kotch\MOVELIKEAPYTHON\restaurant_project\restaurant\views.py changed, reloading.
Watching for file changes with StatReloader
C:\Users\kotch\MOVELIKEAPYTHON\restaurant_project\restaurant\views.py changed, reloading.
Watching for file changes with StatReloader
C:\Users\kotch\MOVELIKEAPYTHON\restaurant_project\restaurant\views.py changed, reloading.
Watching for file changes with StatReloader
C:\Users\kotch\MOVELIKEAPYTHON\restaurant_project\restaurant\views.py changed, reloading.
Watching for file changes with StatReloader
C:\Users\kotch\MOVELIKEAPYTHON\restaurant_project\restaurant\views.py changed, reloading.
Watching for file changes with StatReloader
Not Found: /images/bg_2.png
Not Found: /images/about.jpg
Not Found: /images/pizza-1.jpg
Not Found: /images/pizza-2.jpg
Not Found: /images/pizza-3.jpg
Not Found: /images/pizza-4.jpg
Not Found: /images/pizza-6.jpg
Not Found: /images/pizza-5.jpg
Not Found: /images/pizza-7.jpg
Not Found: /images/pizza-8.jpg
Not Found: /images/gallery-1.jpg
Not Found: /images/bg_2.jpg
Not Found: /images/gallery-2.jpg
Not Found: /images/gallery-3.jpg
Not Found: /images/gallery-4.jpg
Not Found: /images/image_1.jpg
Not Found: /images/image_2.jpg
Not Found: /images/image_3.jpg
Not Found: /images/bg_1.jpg
Not Found: /images/bg_3.jpg
Not Found: /images/bg_2.png
Not Found: /images/bg_2.png
C:\Users\kotch\MOVELIKEAPYTHON\restaurant_project\restaurant\views.py changed, reloading.
Watching for file changes with StatReloader
C:\Users\kotch\MOVELIKEAPYTHON\restaurant_project\restaurant\admin.py changed, reloading.
Watching for file changes with StatReloader
C:\Users\kotch\MOVELIKEAPYTHON\restaurant_project\restaurant\admin.py changed, reloading.
Watching for file changes with StatReloader
C:\Users\kotch\MOVELIKEAPYTHON\restaurant_project\restaurant\models.py changed, reloading.
Watching for file changes with StatReloader
Watching for file changes with StatReloader
Not Found: /images/bg_2.png
Not Found: /images/about.jpg
Not Found: /images/pizza-1.jpg
Not Found: /images/pizza-2.jpg
Not Found: /images/pizza-3.jpg
Not Found: /images/pizza-4.jpg
Not Found: /images/pizza-6.jpg
Not Found: /images/pizza-5.jpg
Not Found: /images/pizza-7.jpg
Not Found: /images/pizza-8.jpg
Not Found: /images/gallery-1.jpg
Not Found: /images/gallery-2.jpg
Not Found: /images/bg_2.jpg
Not Found: /images/gallery-4.jpg
Not Found: /images/image_2.jpg
Not Found: /images/gallery-3.jpg
Not Found: /images/image_1.jpg
Not Found: /images/image_3.jpg
Not Found: /images/bg_3.jpg
Not Found: /images/bg_1.jpg
Not Found: /images/bg_2.png
Not Found: /images/bg_2.png
Internal Server Error: /commande-confirmee/
Traceback (most recent call last):
  File "C:\Users\kotch\MOVELIKEAPYTHON\venv\Lib\site-packages\django\db\backends\utils.py", line 105, in _execute
    return self.cursor.execute(sql, params)
           ^^^^^^^^^^^^^^^^^^^^^^^^^^^^^^^^
  File "C:\Users\kotch\MOVELIKEAPYTHON\venv\Lib\site-packages\django\db\backends\sqlite3\base.py", line 360, in execute
    return super().execute(query, params)
           ^^^^^^^^^^^^^^^^^^^^^^^^^^^^^^
sqlite3.OperationalError: table restaurant_commande has no column named delivery_method

The above exception was the direct cause of the following exception:

Traceback (most recent call last):
  File "C:\Users\kotch\MOVELIKEAPYTHON\venv\Lib\site-packages\django\core\handlers\exception.py", line 55, in inner
    response = get_response(request)
               ^^^^^^^^^^^^^^^^^^^^^
  File "C:\Users\kotch\MOVELIKEAPYTHON\venv\Lib\site-packages\django\core\handlers\base.py", line 197, in _get_response
    response = wrapped_callback(request, *callback_args, **callback_kwargs)
               ^^^^^^^^^^^^^^^^^^^^^^^^^^^^^^^^^^^^^^^^^^^^^^^^^^^^^^^^^^^^
  File "C:\Users\kotch\MOVELIKEAPYTHON\venv\Lib\site-packages\django\views\decorators\http.py", line 64, in inner
    return func(request, *args, **kwargs)
           ^^^^^^^^^^^^^^^^^^^^^^^^^^^^^^
  File "C:\Users\kotch\MOVELIKEAPYTHON\venv\Lib\site-packages\django\contrib\auth\decorators.py", line 59, in _view_wrapper
    return view_func(request, *args, **kwargs)
           ^^^^^^^^^^^^^^^^^^^^^^^^^^^^^^^^^^^
  File "C:\Users\kotch\MOVELIKEAPYTHON\restaurant_project\restaurant\views.py", line 461, in commande_confirmee
    commande = Commande.objects.create(
               ^^^^^^^^^^^^^^^^^^^^^^^^
  File "C:\Users\kotch\MOVELIKEAPYTHON\venv\Lib\site-packages\django\db\models\manager.py", line 87, in manager_method
    return getattr(self.get_queryset(), name)(*args, **kwargs)
           ^^^^^^^^^^^^^^^^^^^^^^^^^^^^^^^^^^^^^^^^^^^^^^^^^^^
  File "C:\Users\kotch\MOVELIKEAPYTHON\venv\Lib\site-packages\django\db\models\query.py", line 663, in create
    obj.save(force_insert=True, using=self.db)
  File "C:\Users\kotch\MOVELIKEAPYTHON\venv\Lib\site-packages\django\db\models\base.py", line 902, in save
    self.save_base(
  File "C:\Users\kotch\MOVELIKEAPYTHON\venv\Lib\site-packages\django\db\models\base.py", line 1008, in save_base
    updated = self._save_table(
              ^^^^^^^^^^^^^^^^^
  File "C:\Users\kotch\MOVELIKEAPYTHON\venv\Lib\site-packages\django\db\models\base.py", line 1169, in _save_table
    results = self._do_insert(
              ^^^^^^^^^^^^^^^^
  File "C:\Users\kotch\MOVELIKEAPYTHON\venv\Lib\site-packages\django\db\models\base.py", line 1210, in _do_insert
    return manager._insert(
           ^^^^^^^^^^^^^^^^
  File "C:\Users\kotch\MOVELIKEAPYTHON\venv\Lib\site-packages\django\db\models\manager.py", line 87, in manager_method
    return getattr(self.get_queryset(), name)(*args, **kwargs)
           ^^^^^^^^^^^^^^^^^^^^^^^^^^^^^^^^^^^^^^^^^^^^^^^^^^^
  File "C:\Users\kotch\MOVELIKEAPYTHON\venv\Lib\site-packages\django\db\models\query.py", line 1854, in _insert
    return query.get_compiler(using=using).execute_sql(returning_fields)
           ^^^^^^^^^^^^^^^^^^^^^^^^^^^^^^^^^^^^^^^^^^^^^^^^^^^^^^^^^^^^^
  File "C:\Users\kotch\MOVELIKEAPYTHON\venv\Lib\site-packages\django\db\models\sql\compiler.py", line 1881, in execute_sql
    cursor.execute(sql, params)
  File "C:\Users\kotch\MOVELIKEAPYTHON\venv\Lib\site-packages\django\db\backends\utils.py", line 122, in execute
    return super().execute(sql, params)
           ^^^^^^^^^^^^^^^^^^^^^^^^^^^^
  File "C:\Users\kotch\MOVELIKEAPYTHON\venv\Lib\site-packages\django\db\backends\utils.py", line 79, in execute
    return self._execute_with_wrappers(
           ^^^^^^^^^^^^^^^^^^^^^^^^^^^^
  File "C:\Users\kotch\MOVELIKEAPYTHON\venv\Lib\site-packages\django\db\backends\utils.py", line 92, in _execute_with_wrappers
    return executor(sql, params, many, context)
           ^^^^^^^^^^^^^^^^^^^^^^^^^^^^^^^^^^^^
  File "C:\Users\kotch\MOVELIKEAPYTHON\venv\Lib\site-packages\django\db\backends\utils.py", line 100, in _execute
    with self.db.wrap_database_errors:
         ^^^^^^^^^^^^^^^^^^^^^^^^^^^^
  File "C:\Users\kotch\MOVELIKEAPYTHON\venv\Lib\site-packages\django\db\utils.py", line 91, in __exit__
    raise dj_exc_value.with_traceback(traceback) from exc_value
  File "C:\Users\kotch\MOVELIKEAPYTHON\venv\Lib\site-packages\django\db\backends\utils.py", line 105, in _execute
    return self.cursor.execute(sql, params)
           ^^^^^^^^^^^^^^^^^^^^^^^^^^^^^^^^
  File "C:\Users\kotch\MOVELIKEAPYTHON\venv\Lib\site-packages\django\db\backends\sqlite3\base.py", line 360, in execute
    return super().execute(query, params)
           ^^^^^^^^^^^^^^^^^^^^^^^^^^^^^^
django.db.utils.OperationalError: table restaurant_commande has no column named delivery_method
Internal Server Error: /commande-confirmee/
Traceback (most recent call last):
  File "C:\Users\kotch\MOVELIKEAPYTHON\venv\Lib\site-packages\django\db\backends\utils.py", line 105, in _execute
    return self.cursor.execute(sql, params)
           ^^^^^^^^^^^^^^^^^^^^^^^^^^^^^^^^
  File "C:\Users\kotch\MOVELIKEAPYTHON\venv\Lib\site-packages\django\db\backends\sqlite3\base.py", line 360, in execute
    return super().execute(query, params)
           ^^^^^^^^^^^^^^^^^^^^^^^^^^^^^^
sqlite3.OperationalError: table restaurant_commande has no column named delivery_method

The above exception was the direct cause of the following exception:

Traceback (most recent call last):
  File "C:\Users\kotch\MOVELIKEAPYTHON\venv\Lib\site-packages\django\core\handlers\exception.py", line 55, in inner
    response = get_response(request)
               ^^^^^^^^^^^^^^^^^^^^^
  File "C:\Users\kotch\MOVELIKEAPYTHON\venv\Lib\site-packages\django\core\handlers\base.py", line 197, in _get_response
    response = wrapped_callback(request, *callback_args, **callback_kwargs)
               ^^^^^^^^^^^^^^^^^^^^^^^^^^^^^^^^^^^^^^^^^^^^^^^^^^^^^^^^^^^^
  File "C:\Users\kotch\MOVELIKEAPYTHON\venv\Lib\site-packages\django\views\decorators\http.py", line 64, in inner
    return func(request, *args, **kwargs)
           ^^^^^^^^^^^^^^^^^^^^^^^^^^^^^^
  File "C:\Users\kotch\MOVELIKEAPYTHON\venv\Lib\site-packages\django\contrib\auth\decorators.py", line 59, in _view_wrapper
    return view_func(request, *args, **kwargs)
           ^^^^^^^^^^^^^^^^^^^^^^^^^^^^^^^^^^^
  File "C:\Users\kotch\MOVELIKEAPYTHON\restaurant_project\restaurant\views.py", line 461, in commande_confirmee
    commande = Commande.objects.create(
               ^^^^^^^^^^^^^^^^^^^^^^^^
  File "C:\Users\kotch\MOVELIKEAPYTHON\venv\Lib\site-packages\django\db\models\manager.py", line 87, in manager_method
    return getattr(self.get_queryset(), name)(*args, **kwargs)
           ^^^^^^^^^^^^^^^^^^^^^^^^^^^^^^^^^^^^^^^^^^^^^^^^^^^
  File "C:\Users\kotch\MOVELIKEAPYTHON\venv\Lib\site-packages\django\db\models\query.py", line 663, in create
    obj.save(force_insert=True, using=self.db)
  File "C:\Users\kotch\MOVELIKEAPYTHON\venv\Lib\site-packages\django\db\models\base.py", line 902, in save
    self.save_base(
  File "C:\Users\kotch\MOVELIKEAPYTHON\venv\Lib\site-packages\django\db\models\base.py", line 1008, in save_base
    updated = self._save_table(
              ^^^^^^^^^^^^^^^^^
  File "C:\Users\kotch\MOVELIKEAPYTHON\venv\Lib\site-packages\django\db\models\base.py", line 1169, in _save_table
    results = self._do_insert(
              ^^^^^^^^^^^^^^^^
  File "C:\Users\kotch\MOVELIKEAPYTHON\venv\Lib\site-packages\django\db\models\base.py", line 1210, in _do_insert
    return manager._insert(
           ^^^^^^^^^^^^^^^^
  File "C:\Users\kotch\MOVELIKEAPYTHON\venv\Lib\site-packages\django\db\models\manager.py", line 87, in manager_method
    return getattr(self.get_queryset(), name)(*args, **kwargs)
           ^^^^^^^^^^^^^^^^^^^^^^^^^^^^^^^^^^^^^^^^^^^^^^^^^^^
  File "C:\Users\kotch\MOVELIKEAPYTHON\venv\Lib\site-packages\django\db\models\query.py", line 1854, in _insert
    return query.get_compiler(using=using).execute_sql(returning_fields)
           ^^^^^^^^^^^^^^^^^^^^^^^^^^^^^^^^^^^^^^^^^^^^^^^^^^^^^^^^^^^^^
  File "C:\Users\kotch\MOVELIKEAPYTHON\venv\Lib\site-packages\django\db\models\sql\compiler.py", line 1881, in execute_sql
    cursor.execute(sql, params)
  File "C:\Users\kotch\MOVELIKEAPYTHON\venv\Lib\site-packages\django\db\backends\utils.py", line 122, in execute
    return super().execute(sql, params)
           ^^^^^^^^^^^^^^^^^^^^^^^^^^^^
  File "C:\Users\kotch\MOVELIKEAPYTHON\venv\Lib\site-packages\django\db\backends\utils.py", line 79, in execute
    return self._execute_with_wrappers(
           ^^^^^^^^^^^^^^^^^^^^^^^^^^^^
  File "C:\Users\kotch\MOVELIKEAPYTHON\venv\Lib\site-packages\django\db\backends\utils.py", line 92, in _execute_with_wrappers
    return executor(sql, params, many, context)
           ^^^^^^^^^^^^^^^^^^^^^^^^^^^^^^^^^^^^
  File "C:\Users\kotch\MOVELIKEAPYTHON\venv\Lib\site-packages\django\db\backends\utils.py", line 100, in _execute
    with self.db.wrap_database_errors:
         ^^^^^^^^^^^^^^^^^^^^^^^^^^^^
  File "C:\Users\kotch\MOVELIKEAPYTHON\venv\Lib\site-packages\django\db\utils.py", line 91, in __exit__
    raise dj_exc_value.with_traceback(traceback) from exc_value
  File "C:\Users\kotch\MOVELIKEAPYTHON\venv\Lib\site-packages\django\db\backends\utils.py", line 105, in _execute
    return self.cursor.execute(sql, params)
           ^^^^^^^^^^^^^^^^^^^^^^^^^^^^^^^^
  File "C:\Users\kotch\MOVELIKEAPYTHON\venv\Lib\site-packages\django\db\backends\sqlite3\base.py", line 360, in execute
    return super().execute(query, params)
           ^^^^^^^^^^^^^^^^^^^^^^^^^^^^^^
django.db.utils.OperationalError: table restaurant_commande has no column named delivery_method
Watching for file changes with StatReloader
Not Found: /images/bg_2.png
Not Found: /images/about.jpg
Not Found: /images/pizza-1.jpg
Not Found: /images/pizza-2.jpg
Not Found: /images/pizza-3.jpg
Not Found: /images/pizza-4.jpg
Not Found: /images/pizza-5.jpg
Not Found: /images/pizza-6.jpg
Not Found: /images/pizza-7.jpg
Not Found: /images/pizza-8.jpg
Not Found: /images/gallery-1.jpg
Not Found: /images/gallery-2.jpg
Not Found: /images/gallery-3.jpg
Not Found: /images/image_1.jpg
Not Found: /images/gallery-4.jpg
Not Found: /images/bg_2.jpg
Not Found: /images/image_2.jpg
Not Found: /images/image_3.jpg
Not Found: /images/bg_1.jpg
Not Found: /images/bg_2.jpg
Not Found: /images/bg_3.jpg
Not Found: /images/bg_2.png
Internal Server Error: /commande-confirmee/
Traceback (most recent call last):
  File "C:\Users\kotch\MOVELIKEAPYTHON\venv\Lib\site-packages\django\db\backends\utils.py", line 105, in _execute
    return self.cursor.execute(sql, params)
           ^^^^^^^^^^^^^^^^^^^^^^^^^^^^^^^^
  File "C:\Users\kotch\MOVELIKEAPYTHON\venv\Lib\site-packages\django\db\backends\sqlite3\base.py", line 360, in execute
    return super().execute(query, params)
           ^^^^^^^^^^^^^^^^^^^^^^^^^^^^^^
sqlite3.OperationalError: table restaurant_commande has no column named delivery_method

The above exception was the direct cause of the following exception:

Traceback (most recent call last):
  File "C:\Users\kotch\MOVELIKEAPYTHON\venv\Lib\site-packages\django\core\handlers\exception.py", line 55, in inner
    response = get_response(request)
               ^^^^^^^^^^^^^^^^^^^^^
  File "C:\Users\kotch\MOVELIKEAPYTHON\venv\Lib\site-packages\django\core\handlers\base.py", line 197, in _get_response
    response = wrapped_callback(request, *callback_args, **callback_kwargs)
               ^^^^^^^^^^^^^^^^^^^^^^^^^^^^^^^^^^^^^^^^^^^^^^^^^^^^^^^^^^^^
  File "C:\Users\kotch\MOVELIKEAPYTHON\venv\Lib\site-packages\django\views\decorators\http.py", line 64, in inner
    return func(request, *args, **kwargs)
           ^^^^^^^^^^^^^^^^^^^^^^^^^^^^^^
  File "C:\Users\kotch\MOVELIKEAPYTHON\venv\Lib\site-packages\django\contrib\auth\decorators.py", line 59, in _view_wrapper
    return view_func(request, *args, **kwargs)
           ^^^^^^^^^^^^^^^^^^^^^^^^^^^^^^^^^^^
  File "C:\Users\kotch\MOVELIKEAPYTHON\restaurant_project\restaurant\views.py", line 461, in commande_confirmee
    commande = Commande.objects.create(
               ^^^^^^^^^^^^^^^^^^^^^^^^
  File "C:\Users\kotch\MOVELIKEAPYTHON\venv\Lib\site-packages\django\db\models\manager.py", line 87, in manager_method
    return getattr(self.get_queryset(), name)(*args, **kwargs)
           ^^^^^^^^^^^^^^^^^^^^^^^^^^^^^^^^^^^^^^^^^^^^^^^^^^^
  File "C:\Users\kotch\MOVELIKEAPYTHON\venv\Lib\site-packages\django\db\models\query.py", line 663, in create
    obj.save(force_insert=True, using=self.db)
  File "C:\Users\kotch\MOVELIKEAPYTHON\venv\Lib\site-packages\django\db\models\base.py", line 902, in save
    self.save_base(
  File "C:\Users\kotch\MOVELIKEAPYTHON\venv\Lib\site-packages\django\db\models\base.py", line 1008, in save_base
    updated = self._save_table(
              ^^^^^^^^^^^^^^^^^
  File "C:\Users\kotch\MOVELIKEAPYTHON\venv\Lib\site-packages\django\db\models\base.py", line 1169, in _save_table
    results = self._do_insert(
              ^^^^^^^^^^^^^^^^
  File "C:\Users\kotch\MOVELIKEAPYTHON\venv\Lib\site-packages\django\db\models\base.py", line 1210, in _do_insert
    return manager._insert(
           ^^^^^^^^^^^^^^^^
  File "C:\Users\kotch\MOVELIKEAPYTHON\venv\Lib\site-packages\django\db\models\manager.py", line 87, in manager_method
    return getattr(self.get_queryset(), name)(*args, **kwargs)
           ^^^^^^^^^^^^^^^^^^^^^^^^^^^^^^^^^^^^^^^^^^^^^^^^^^^
  File "C:\Users\kotch\MOVELIKEAPYTHON\venv\Lib\site-packages\django\db\models\query.py", line 1854, in _insert
    return query.get_compiler(using=using).execute_sql(returning_fields)
           ^^^^^^^^^^^^^^^^^^^^^^^^^^^^^^^^^^^^^^^^^^^^^^^^^^^^^^^^^^^^^
  File "C:\Users\kotch\MOVELIKEAPYTHON\venv\Lib\site-packages\django\db\models\sql\compiler.py", line 1881, in execute_sql
    cursor.execute(sql, params)
  File "C:\Users\kotch\MOVELIKEAPYTHON\venv\Lib\site-packages\django\db\backends\utils.py", line 122, in execute
    return super().execute(sql, params)
           ^^^^^^^^^^^^^^^^^^^^^^^^^^^^
  File "C:\Users\kotch\MOVELIKEAPYTHON\venv\Lib\site-packages\django\db\backends\utils.py", line 79, in execute
    return self._execute_with_wrappers(
           ^^^^^^^^^^^^^^^^^^^^^^^^^^^^
  File "C:\Users\kotch\MOVELIKEAPYTHON\venv\Lib\site-packages\django\db\backends\utils.py", line 92, in _execute_with_wrappers
    return executor(sql, params, many, context)
           ^^^^^^^^^^^^^^^^^^^^^^^^^^^^^^^^^^^^
  File "C:\Users\kotch\MOVELIKEAPYTHON\venv\Lib\site-packages\django\db\backends\utils.py", line 100, in _execute
    with self.db.wrap_database_errors:
         ^^^^^^^^^^^^^^^^^^^^^^^^^^^^
  File "C:\Users\kotch\MOVELIKEAPYTHON\venv\Lib\site-packages\django\db\utils.py", line 91, in __exit__
    raise dj_exc_value.with_traceback(traceback) from exc_value
  File "C:\Users\kotch\MOVELIKEAPYTHON\venv\Lib\site-packages\django\db\backends\utils.py", line 105, in _execute
    return self.cursor.execute(sql, params)
           ^^^^^^^^^^^^^^^^^^^^^^^^^^^^^^^^
  File "C:\Users\kotch\MOVELIKEAPYTHON\venv\Lib\site-packages\django\db\backends\sqlite3\base.py", line 360, in execute
    return super().execute(query, params)
           ^^^^^^^^^^^^^^^^^^^^^^^^^^^^^^
django.db.utils.OperationalError: table restaurant_commande has no column named delivery_method
Watching for file changes with StatReloader
Not Found: /images/bg_2.png
Not Found: /images/about.jpg
Not Found: /images/pizza-1.jpg
Not Found: /images/pizza-2.jpg
Not Found: /images/pizza-3.jpg
Not Found: /images/pizza-6.jpg
Not Found: /images/pizza-4.jpg
Not Found: /images/pizza-5.jpg
Not Found: /images/pizza-7.jpg
Not Found: /images/pizza-8.jpg
Not Found: /images/gallery-1.jpg
Not Found: /images/gallery-2.jpg
Not Found: /images/gallery-3.jpg
Not Found: /images/image_3.jpg
Not Found: /images/bg_2.jpg
Not Found: /images/image_1.jpg
Not Found: /images/gallery-4.jpg
Not Found: /images/image_2.jpg
Not Found: /images/bg_1.jpg
Not Found: /images/bg_3.jpg
Not Found: /images/bg_2.png
Not Found: /images/bg_2.png
Not Found: /admin/polls/question/add/
Not Found: /images/bg_2.png
Not Found: /images/about.jpg
Not Found: /images/pizza-2.jpg
Not Found: /images/pizza-3.jpg
Not Found: /images/pizza-4.jpg
Not Found: /images/pizza-1.jpg
Not Found: /images/pizza-5.jpg
Not Found: /images/bg_1.jpg
Not Found: /images/bg_3.jpg
Not Found: /images/bg_2.jpg
Not Found: /images/pizza-7.jpg
Not Found: /images/pizza-6.jpg
Not Found: /images/pizza-8.jpg
Not Found: /images/gallery-1.jpg
Not Found: /images/gallery-3.jpg
Not Found: /images/gallery-2.jpg
Not Found: /images/image_1.jpg
Not Found: /images/gallery-4.jpg
Not Found: /images/image_2.jpg
Not Found: /images/image_3.jpg
Not Found: /images/bg_2.png
C:\Users\kotch\MOVELIKEAPYTHON\restaurant_project\restaurant\views.py changed, reloading.
Watching for file changes with StatReloader
Not Found: /images/bg_2.png
Not Found: /images/about.jpg
Not Found: /images/pizza-3.jpg
Not Found: /images/pizza-4.jpg
Not Found: /images/pizza-1.jpg
Not Found: /images/pizza-5.jpg
Not Found: /images/pizza-2.jpg
Not Found: /images/bg_1.jpg
Not Found: /images/bg_2.jpg
Not Found: /images/bg_3.jpg
Not Found: /images/pizza-6.jpg
Not Found: /images/pizza-7.jpg
Not Found: /images/pizza-8.jpg
Not Found: /images/gallery-1.jpg
Not Found: /images/gallery-2.jpg
Not Found: /images/gallery-4.jpg
Not Found: /images/gallery-3.jpg
Not Found: /images/image_1.jpg
Not Found: /images/image_3.jpg
Not Found: /images/image_2.jpg
Not Found: /images/bg_2.png
Forbidden (CSRF token from POST incorrect.): /commande-confirmee/
Not Found: /images/bg_2.png
Not Found: /images/about.jpg
Not Found: /images/pizza-1.jpg
Not Found: /images/pizza-2.jpg
Not Found: /images/pizza-3.jpg
Not Found: /images/pizza-6.jpg
Not Found: /images/pizza-7.jpg
Not Found: /images/pizza-4.jpg
Not Found: /images/pizza-5.jpg
Not Found: /images/pizza-8.jpg
Not Found: /images/gallery-1.jpg
Not Found: /images/gallery-2.jpg
Not Found: /images/gallery-3.jpg
Not Found: /images/gallery-4.jpg
Not Found: /images/bg_2.jpg
Not Found: /images/image_1.jpg
Not Found: /images/image_2.jpg
Not Found: /images/image_3.jpg
Not Found: /images/bg_1.jpg
Not Found: /images/bg_3.jpg
Not Found: /images/bg_2.png
C:\Users\kotch\MOVELIKEAPYTHON\restaurant_project\restaurant\views.py changed, reloading.
Watching for file changes with StatReloader
C:\Users\kotch\MOVELIKEAPYTHON\restaurant_project\restaurant\views.py changed, reloading.
Watching for file changes with StatReloader
Watching for file changes with StatReloader
Not Found: /images/bg_2.png
Not Found: /images/about.jpg
Not Found: /images/pizza-1.jpg
Not Found: /images/pizza-2.jpg
Not Found: /images/pizza-3.jpg
Not Found: /images/pizza-4.jpg
Not Found: /images/pizza-5.jpg
Not Found: /images/pizza-7.jpg
Not Found: /images/pizza-6.jpg
Not Found: /images/pizza-8.jpg
Not Found: /images/gallery-1.jpg
Not Found: /images/gallery-2.jpg
Not Found: /images/gallery-3.jpg
Not Found: /images/gallery-4.jpg
Not Found: /images/bg_2.jpg
Not Found: /images/drink-1.jpg
Not Found: /images/drink-2.jpg
Not Found: /images/drink-3.jpg
Not Found: /images/burger-1.jpg
Not Found: /images/burger-2.jpg
Not Found: /images/burger-3.jpg
Not Found: /images/pasta-1.jpg
Not Found: /images/pasta-2.jpg
Not Found: /images/pasta-3.jpg
Not Found: /images/image_1.jpg
Not Found: /images/image_2.jpg
Not Found: /images/image_3.jpg
Not Found: /images/bg_1.jpg
Not Found: /images/bg_2.jpg
Not Found: /images/bg_3.jpg
Not Found: /images/bg_2.png
Watching for file changes with StatReloader
Not Found: /images/bg_2.png
Not Found: /images/about.jpg
Not Found: /images/pizza-1.jpg
Not Found: /images/pizza-2.jpg
Not Found: /images/pizza-3.jpg
Not Found: /images/pizza-4.jpg
Not Found: /images/pizza-6.jpg
Not Found: /images/pizza-5.jpg
Not Found: /images/pizza-7.jpg
Not Found: /images/pizza-8.jpg
Not Found: /images/gallery-3.jpg
Not Found: /images/gallery-1.jpg
Not Found: /images/gallery-2.jpg
Not Found: /images/gallery-4.jpg
Not Found: /images/bg_2.jpg
Not Found: /images/image_2.jpg
Not Found: /images/image_1.jpg
Not Found: /images/image_3.jpg
Not Found: /images/bg_1.jpg
Not Found: /images/bg_3.jpg
Not Found: /images/bg_2.png
Not Found: /images/bg_2.png
Not Found: /images/about.jpg
Not Found: /images/pizza-4.jpg
Not Found: /images/pizza-3.jpg
Not Found: /images/pizza-1.jpg
Not Found: /images/pizza-2.jpg
Not Found: /images/bg_1.jpg
Not Found: /images/pizza-6.jpg
Not Found: /images/pizza-5.jpg
Not Found: /images/bg_2.jpg
Not Found: /images/bg_3.jpg
Not Found: /images/pizza-8.jpg
Not Found: /images/pizza-7.jpg
Not Found: /images/gallery-2.jpg
Not Found: /images/gallery-4.jpg
Not Found: /images/gallery-1.jpg
Not Found: /images/image_1.jpg
Not Found: /images/gallery-3.jpg
Not Found: /images/image_2.jpg
Not Found: /images/image_3.jpg
Not Found: /images/bg_2.png
Not Found: /images/bg_2.png
Not Found: /images/about.jpg
Not Found: /images/pizza-5.jpg
Not Found: /images/pizza-4.jpg
Not Found: /images/pizza-1.jpg
Not Found: /images/pizza-3.jpg
Not Found: /images/pizza-2.jpg
Not Found: /images/bg_3.jpg
Not Found: /images/bg_1.jpg
Not Found: /images/bg_2.jpg
Not Found: /images/pizza-6.jpg
Not Found: /images/pizza-7.jpg
Not Found: /images/pizza-8.jpg
Not Found: /images/gallery-1.jpg
Not Found: /images/gallery-3.jpg
Not Found: /images/gallery-2.jpg
Not Found: /images/gallery-4.jpg
Not Found: /images/image_1.jpg
Not Found: /images/image_2.jpg
Not Found: /images/image_3.jpg
Not Found: /images/bg_2.png
Not Found: /images/bg_2.png
Not Found: /images/about.jpg
Not Found: /images/pizza-1.jpg
Not Found: /images/pizza-4.jpg
Not Found: /images/pizza-3.jpg
Not Found: /images/pizza-2.jpg
Not Found: /images/pizza-5.jpg
Not Found: /images/bg_1.jpg
Not Found: /images/bg_3.jpg
Not Found: /images/bg_2.jpg
Not Found: /images/pizza-6.jpg
Not Found: /images/pizza-7.jpg
Not Found: /images/pizza-8.jpg
Not Found: /images/gallery-1.jpg
Not Found: /images/gallery-2.jpg
Not Found: /images/image_1.jpg
Not Found: /images/gallery-4.jpg
Not Found: /images/gallery-3.jpg
Not Found: /images/image_2.jpg
Not Found: /images/image_3.jpg
Not Found: /images/bg_2.png
Not Found: /images/pizza-1.jpg
Not Found: /images/pizza-3.jpg
Not Found: /images/pizza-4.jpg
Not Found: /images/about.jpg
Not Found: /images/pizza-2.jpg
Not Found: /images/pizza-5.jpg
Not Found: /images/bg_1.jpg
Not Found: /images/bg_2.jpg
Not Found: /images/bg_3.jpg
Not Found: /images/pizza-6.jpg
Not Found: /images/pizza-7.jpg
Not Found: /images/pizza-8.jpg
Not Found: /images/gallery-1.jpg
Not Found: /images/gallery-3.jpg
Not Found: /images/gallery-2.jpg
Not Found: /images/gallery-4.jpg
Not Found: /images/image_1.jpg
Not Found: /images/image_2.jpg
Not Found: /images/image_3.jpg
Not Found: /images/bg_2.png
Not Found: /images/bg_2.png
Not Found: /images/about.jpg
Not Found: /images/pizza-1.jpg
Not Found: /images/pizza-2.jpg
Not Found: /images/pizza-6.jpg
Not Found: /images/pizza-3.jpg
Not Found: /images/pizza-4.jpg
Not Found: /images/bg_1.jpg
Not Found: /images/pizza-5.jpg
Not Found: /images/bg_2.jpg
Not Found: /images/bg_3.jpg
Not Found: /images/pizza-7.jpg
Not Found: /images/pizza-8.jpg
Not Found: /images/gallery-1.jpg
Not Found: /images/gallery-2.jpg
Not Found: /images/gallery-3.jpg
Not Found: /images/gallery-4.jpg
Not Found: /images/image_1.jpg
Not Found: /images/image_3.jpg
Not Found: /images/image_2.jpg
Not Found: /images/bg_2.png
C:\Users\kotch\MOVELIKEAPYTHON\restaurant_project\restaurant\views.py changed, reloading.
Watching for file changes with StatReloader
C:\Users\kotch\MOVELIKEAPYTHON\restaurant_project\restaurant\views.py changed, reloading.
Watching for file changes with StatReloader
C:\Users\kotch\MOVELIKEAPYTHON\restaurant_project\restaurant\views.py changed, reloading.
Watching for file changes with StatReloader
C:\Users\kotch\MOVELIKEAPYTHON\restaurant_project\restaurant\views.py changed, reloading.
Watching for file changes with StatReloader
C:\Users\kotch\MOVELIKEAPYTHON\restaurant_project\restaurant\views.py changed, reloading.
Watching for file changes with StatReloader
C:\Users\kotch\MOVELIKEAPYTHON\restaurant_project\restaurant\urls.py changed, reloading.
Watching for file changes with StatReloader
Not Found: /images/bg_2.png
Not Found: /images/about.jpg
Not Found: /images/pizza-1.jpg
Not Found: /images/pizza-2.jpg
Not Found: /images/pizza-3.jpg
Not Found: /images/pizza-4.jpg
Not Found: /images/pizza-6.jpg
Not Found: /images/pizza-5.jpg
Not Found: /images/pizza-7.jpg
Not Found: /images/pizza-8.jpg
Not Found: /images/gallery-1.jpg
Not Found: /images/gallery-2.jpg
Not Found: /images/gallery-3.jpg
Not Found: /images/bg_2.jpg
Not Found: /images/gallery-4.jpg
Not Found: /images/image_2.jpg
Not Found: /images/image_1.jpg
Not Found: /images/image_3.jpg
Not Found: /images/bg_1.jpg
Not Found: /images/bg_3.jpg
Not Found: /images/bg_2.png
Internal Server Error: /panier/
Traceback (most recent call last):
  File "C:\Users\kotch\MOVELIKEAPYTHON\venv\Lib\site-packages\django\core\handlers\exception.py", line 55, in inner
    response = get_response(request)
               ^^^^^^^^^^^^^^^^^^^^^
  File "C:\Users\kotch\MOVELIKEAPYTHON\venv\Lib\site-packages\django\core\handlers\base.py", line 197, in _get_response
    response = wrapped_callback(request, *callback_args, **callback_kwargs)
               ^^^^^^^^^^^^^^^^^^^^^^^^^^^^^^^^^^^^^^^^^^^^^^^^^^^^^^^^^^^^
  File "C:\Users\kotch\MOVELIKEAPYTHON\venv\Lib\site-packages\django\contrib\auth\decorators.py", line 59, in _view_wrapper
    return view_func(request, *args, **kwargs)
           ^^^^^^^^^^^^^^^^^^^^^^^^^^^^^^^^^^^
  File "C:\Users\kotch\MOVELIKEAPYTHON\restaurant_project\restaurant\views.py", line 250, in voir_panier
    return render(request, 'restaurant/panier.html', {'panier': panier})
           ^^^^^^^^^^^^^^^^^^^^^^^^^^^^^^^^^^^^^^^^^^^^^^^^^^^^^^^^^^^^^
  File "C:\Users\kotch\MOVELIKEAPYTHON\venv\Lib\site-packages\django\shortcuts.py", line 25, in render
    content = loader.render_to_string(template_name, context, request, using=using)
              ^^^^^^^^^^^^^^^^^^^^^^^^^^^^^^^^^^^^^^^^^^^^^^^^^^^^^^^^^^^^^^^^^^^^^
  File "C:\Users\kotch\MOVELIKEAPYTHON\venv\Lib\site-packages\django\template\loader.py", line 62, in render_to_string
    return template.render(context, request)
           ^^^^^^^^^^^^^^^^^^^^^^^^^^^^^^^^^
  File "C:\Users\kotch\MOVELIKEAPYTHON\venv\Lib\site-packages\django\template\backends\django.py", line 107, in render
    return self.template.render(context)
           ^^^^^^^^^^^^^^^^^^^^^^^^^^^^^
  File "C:\Users\kotch\MOVELIKEAPYTHON\venv\Lib\site-packages\django\template\base.py", line 171, in render
    return self._render(context)
           ^^^^^^^^^^^^^^^^^^^^^
  File "C:\Users\kotch\MOVELIKEAPYTHON\venv\Lib\site-packages\django\template\base.py", line 163, in _render
    return self.nodelist.render(context)
           ^^^^^^^^^^^^^^^^^^^^^^^^^^^^^
  File "C:\Users\kotch\MOVELIKEAPYTHON\venv\Lib\site-packages\django\template\base.py", line 1016, in render
    return SafeString("".join([node.render_annotated(context) for node in self]))
                               ^^^^^^^^^^^^^^^^^^^^^^^^^^^^^^
  File "C:\Users\kotch\MOVELIKEAPYTHON\venv\Lib\site-packages\django\template\base.py", line 977, in render_annotated
    return self.render(context)
           ^^^^^^^^^^^^^^^^^^^^
  File "C:\Users\kotch\MOVELIKEAPYTHON\venv\Lib\site-packages\django\template\loader_tags.py", line 159, in render
    return compiled_parent._render(context)
           ^^^^^^^^^^^^^^^^^^^^^^^^^^^^^^^^
  File "C:\Users\kotch\MOVELIKEAPYTHON\venv\Lib\site-packages\django\template\base.py", line 163, in _render
    return self.nodelist.render(context)
           ^^^^^^^^^^^^^^^^^^^^^^^^^^^^^
  File "C:\Users\kotch\MOVELIKEAPYTHON\venv\Lib\site-packages\django\template\base.py", line 1016, in render
    return SafeString("".join([node.render_annotated(context) for node in self]))
                               ^^^^^^^^^^^^^^^^^^^^^^^^^^^^^^
  File "C:\Users\kotch\MOVELIKEAPYTHON\venv\Lib\site-packages\django\template\base.py", line 977, in render_annotated
    return self.render(context)
           ^^^^^^^^^^^^^^^^^^^^
  File "C:\Users\kotch\MOVELIKEAPYTHON\venv\Lib\site-packages\django\template\loader_tags.py", line 65, in render
    result = block.nodelist.render(context)
             ^^^^^^^^^^^^^^^^^^^^^^^^^^^^^^
  File "C:\Users\kotch\MOVELIKEAPYTHON\venv\Lib\site-packages\django\template\base.py", line 1016, in render
    return SafeString("".join([node.render_annotated(context) for node in self]))
                               ^^^^^^^^^^^^^^^^^^^^^^^^^^^^^^
  File "C:\Users\kotch\MOVELIKEAPYTHON\venv\Lib\site-packages\django\template\base.py", line 977, in render_annotated
    return self.render(context)
           ^^^^^^^^^^^^^^^^^^^^
  File "C:\Users\kotch\MOVELIKEAPYTHON\venv\Lib\site-packages\django\template\defaulttags.py", line 327, in render
    return nodelist.render(context)
           ^^^^^^^^^^^^^^^^^^^^^^^^
  File "C:\Users\kotch\MOVELIKEAPYTHON\venv\Lib\site-packages\django\template\base.py", line 1016, in render
    return SafeString("".join([node.render_annotated(context) for node in self]))
                               ^^^^^^^^^^^^^^^^^^^^^^^^^^^^^^
  File "C:\Users\kotch\MOVELIKEAPYTHON\venv\Lib\site-packages\django\template\base.py", line 977, in render_annotated
    return self.render(context)
           ^^^^^^^^^^^^^^^^^^^^
  File "C:\Users\kotch\MOVELIKEAPYTHON\venv\Lib\site-packages\django\template\defaulttags.py", line 480, in render
    url = reverse(view_name, args=args, kwargs=kwargs, current_app=current_app)
          ^^^^^^^^^^^^^^^^^^^^^^^^^^^^^^^^^^^^^^^^^^^^^^^^^^^^^^^^^^^^^^^^^^^^^
  File "C:\Users\kotch\MOVELIKEAPYTHON\venv\Lib\site-packages\django\urls\base.py", line 98, in reverse
    resolved_url = resolver._reverse_with_prefix(view, prefix, *args, **kwargs)
                   ^^^^^^^^^^^^^^^^^^^^^^^^^^^^^^^^^^^^^^^^^^^^^^^^^^^^^^^^^^^^
  File "C:\Users\kotch\MOVELIKEAPYTHON\venv\Lib\site-packages\django\urls\resolvers.py", line 831, in _reverse_with_prefix
    raise NoReverseMatch(msg)
django.urls.exceptions.NoReverseMatch: Reverse for 'suivi_commandes' not found. 'suivi_commandes' is not a valid view function or pattern name.
Watching for file changes with StatReloader
Not Found: /images/bg_2.png
Not Found: /images/about.jpg
Not Found: /images/pizza-1.jpg
Not Found: /images/pizza-3.jpg
Not Found: /images/pizza-2.jpg
Not Found: /images/pizza-4.jpg
Not Found: /images/pizza-7.jpg
Not Found: /images/pizza-5.jpg
Not Found: /images/pizza-6.jpg
Not Found: /images/pizza-8.jpg
Not Found: /images/gallery-1.jpg
Not Found: /images/gallery-2.jpg
Not Found: /images/gallery-3.jpg
Not Found: /images/gallery-4.jpg
Not Found: /images/image_1.jpg
Not Found: /images/bg_2.jpg
Not Found: /images/image_2.jpg
Not Found: /images/image_3.jpg
Not Found: /images/bg_1.jpg
Not Found: /images/bg_2.jpg
Not Found: /images/bg_3.jpg
Not Found: /images/bg_2.png
Internal Server Error: /suivi-commandes/
Traceback (most recent call last):
  File "C:\Users\kotch\MOVELIKEAPYTHON\venv\Lib\site-packages\django\core\handlers\exception.py", line 55, in inner
    response = get_response(request)
               ^^^^^^^^^^^^^^^^^^^^^
  File "C:\Users\kotch\MOVELIKEAPYTHON\venv\Lib\site-packages\django\core\handlers\base.py", line 197, in _get_response
    response = wrapped_callback(request, *callback_args, **callback_kwargs)
               ^^^^^^^^^^^^^^^^^^^^^^^^^^^^^^^^^^^^^^^^^^^^^^^^^^^^^^^^^^^^
  File "C:\Users\kotch\MOVELIKEAPYTHON\venv\Lib\site-packages\django\contrib\auth\decorators.py", line 59, in _view_wrapper
    return view_func(request, *args, **kwargs)
           ^^^^^^^^^^^^^^^^^^^^^^^^^^^^^^^^^^^
  File "C:\Users\kotch\MOVELIKEAPYTHON\restaurant_project\restaurant\views.py", line 495, in suivi_commandes
    return render(request, 'restaurant/suivi_commandes.html', {
           ^^^^^^^^^^^^^^^^^^^^^^^^^^^^^^^^^^^^^^^^^^^^^^^^^^^^
  File "C:\Users\kotch\MOVELIKEAPYTHON\venv\Lib\site-packages\django\shortcuts.py", line 25, in render
    content = loader.render_to_string(template_name, context, request, using=using)
              ^^^^^^^^^^^^^^^^^^^^^^^^^^^^^^^^^^^^^^^^^^^^^^^^^^^^^^^^^^^^^^^^^^^^^
  File "C:\Users\kotch\MOVELIKEAPYTHON\venv\Lib\site-packages\django\template\loader.py", line 62, in render_to_string
    return template.render(context, request)
           ^^^^^^^^^^^^^^^^^^^^^^^^^^^^^^^^^
  File "C:\Users\kotch\MOVELIKEAPYTHON\venv\Lib\site-packages\django\template\backends\django.py", line 107, in render
    return self.template.render(context)
           ^^^^^^^^^^^^^^^^^^^^^^^^^^^^^
  File "C:\Users\kotch\MOVELIKEAPYTHON\venv\Lib\site-packages\django\template\base.py", line 171, in render
    return self._render(context)
           ^^^^^^^^^^^^^^^^^^^^^
  File "C:\Users\kotch\MOVELIKEAPYTHON\venv\Lib\site-packages\django\template\base.py", line 163, in _render
    return self.nodelist.render(context)
           ^^^^^^^^^^^^^^^^^^^^^^^^^^^^^
  File "C:\Users\kotch\MOVELIKEAPYTHON\venv\Lib\site-packages\django\template\base.py", line 1016, in render
    return SafeString("".join([node.render_annotated(context) for node in self]))
                               ^^^^^^^^^^^^^^^^^^^^^^^^^^^^^^
  File "C:\Users\kotch\MOVELIKEAPYTHON\venv\Lib\site-packages\django\template\base.py", line 977, in render_annotated
    return self.render(context)
           ^^^^^^^^^^^^^^^^^^^^
  File "C:\Users\kotch\MOVELIKEAPYTHON\venv\Lib\site-packages\django\template\loader_tags.py", line 159, in render
    return compiled_parent._render(context)
           ^^^^^^^^^^^^^^^^^^^^^^^^^^^^^^^^
  File "C:\Users\kotch\MOVELIKEAPYTHON\venv\Lib\site-packages\django\template\base.py", line 163, in _render
    return self.nodelist.render(context)
           ^^^^^^^^^^^^^^^^^^^^^^^^^^^^^
  File "C:\Users\kotch\MOVELIKEAPYTHON\venv\Lib\site-packages\django\template\base.py", line 1016, in render
    return SafeString("".join([node.render_annotated(context) for node in self]))
                               ^^^^^^^^^^^^^^^^^^^^^^^^^^^^^^
  File "C:\Users\kotch\MOVELIKEAPYTHON\venv\Lib\site-packages\django\template\base.py", line 977, in render_annotated
    return self.render(context)
           ^^^^^^^^^^^^^^^^^^^^
  File "C:\Users\kotch\MOVELIKEAPYTHON\venv\Lib\site-packages\django\template\loader_tags.py", line 65, in render
    result = block.nodelist.render(context)
             ^^^^^^^^^^^^^^^^^^^^^^^^^^^^^^
  File "C:\Users\kotch\MOVELIKEAPYTHON\venv\Lib\site-packages\django\template\base.py", line 1016, in render
    return SafeString("".join([node.render_annotated(context) for node in self]))
                               ^^^^^^^^^^^^^^^^^^^^^^^^^^^^^^
  File "C:\Users\kotch\MOVELIKEAPYTHON\venv\Lib\site-packages\django\template\base.py", line 977, in render_annotated
    return self.render(context)
           ^^^^^^^^^^^^^^^^^^^^
  File "C:\Users\kotch\MOVELIKEAPYTHON\venv\Lib\site-packages\django\template\defaulttags.py", line 480, in render
    url = reverse(view_name, args=args, kwargs=kwargs, current_app=current_app)
          ^^^^^^^^^^^^^^^^^^^^^^^^^^^^^^^^^^^^^^^^^^^^^^^^^^^^^^^^^^^^^^^^^^^^^
  File "C:\Users\kotch\MOVELIKEAPYTHON\venv\Lib\site-packages\django\urls\base.py", line 98, in reverse
    resolved_url = resolver._reverse_with_prefix(view, prefix, *args, **kwargs)
                   ^^^^^^^^^^^^^^^^^^^^^^^^^^^^^^^^^^^^^^^^^^^^^^^^^^^^^^^^^^^^
  File "C:\Users\kotch\MOVELIKEAPYTHON\venv\Lib\site-packages\django\urls\resolvers.py", line 831, in _reverse_with_prefix
    raise NoReverseMatch(msg)
django.urls.exceptions.NoReverseMatch: Reverse for 'panier' not found. 'panier' is not a valid view function or pattern name.
Internal Server Error: /suivi-commandes/
Traceback (most recent call last):
  File "C:\Users\kotch\MOVELIKEAPYTHON\venv\Lib\site-packages\django\core\handlers\exception.py", line 55, in inner
    response = get_response(request)
               ^^^^^^^^^^^^^^^^^^^^^
  File "C:\Users\kotch\MOVELIKEAPYTHON\venv\Lib\site-packages\django\core\handlers\base.py", line 197, in _get_response
    response = wrapped_callback(request, *callback_args, **callback_kwargs)
               ^^^^^^^^^^^^^^^^^^^^^^^^^^^^^^^^^^^^^^^^^^^^^^^^^^^^^^^^^^^^
  File "C:\Users\kotch\MOVELIKEAPYTHON\venv\Lib\site-packages\django\contrib\auth\decorators.py", line 59, in _view_wrapper
    return view_func(request, *args, **kwargs)
           ^^^^^^^^^^^^^^^^^^^^^^^^^^^^^^^^^^^
  File "C:\Users\kotch\MOVELIKEAPYTHON\restaurant_project\restaurant\views.py", line 495, in suivi_commandes
    return render(request, 'restaurant/suivi_commandes.html', {
           ^^^^^^^^^^^^^^^^^^^^^^^^^^^^^^^^^^^^^^^^^^^^^^^^^^^^
  File "C:\Users\kotch\MOVELIKEAPYTHON\venv\Lib\site-packages\django\shortcuts.py", line 25, in render
    content = loader.render_to_string(template_name, context, request, using=using)
              ^^^^^^^^^^^^^^^^^^^^^^^^^^^^^^^^^^^^^^^^^^^^^^^^^^^^^^^^^^^^^^^^^^^^^
  File "C:\Users\kotch\MOVELIKEAPYTHON\venv\Lib\site-packages\django\template\loader.py", line 62, in render_to_string
    return template.render(context, request)
           ^^^^^^^^^^^^^^^^^^^^^^^^^^^^^^^^^
  File "C:\Users\kotch\MOVELIKEAPYTHON\venv\Lib\site-packages\django\template\backends\django.py", line 107, in render
    return self.template.render(context)
           ^^^^^^^^^^^^^^^^^^^^^^^^^^^^^
  File "C:\Users\kotch\MOVELIKEAPYTHON\venv\Lib\site-packages\django\template\base.py", line 171, in render
    return self._render(context)
           ^^^^^^^^^^^^^^^^^^^^^
  File "C:\Users\kotch\MOVELIKEAPYTHON\venv\Lib\site-packages\django\template\base.py", line 163, in _render
    return self.nodelist.render(context)
           ^^^^^^^^^^^^^^^^^^^^^^^^^^^^^
  File "C:\Users\kotch\MOVELIKEAPYTHON\venv\Lib\site-packages\django\template\base.py", line 1016, in render
    return SafeString("".join([node.render_annotated(context) for node in self]))
                               ^^^^^^^^^^^^^^^^^^^^^^^^^^^^^^
  File "C:\Users\kotch\MOVELIKEAPYTHON\venv\Lib\site-packages\django\template\base.py", line 977, in render_annotated
    return self.render(context)
           ^^^^^^^^^^^^^^^^^^^^
  File "C:\Users\kotch\MOVELIKEAPYTHON\venv\Lib\site-packages\django\template\loader_tags.py", line 159, in render
    return compiled_parent._render(context)
           ^^^^^^^^^^^^^^^^^^^^^^^^^^^^^^^^
  File "C:\Users\kotch\MOVELIKEAPYTHON\venv\Lib\site-packages\django\template\base.py", line 163, in _render
    return self.nodelist.render(context)
           ^^^^^^^^^^^^^^^^^^^^^^^^^^^^^
  File "C:\Users\kotch\MOVELIKEAPYTHON\venv\Lib\site-packages\django\template\base.py", line 1016, in render
    return SafeString("".join([node.render_annotated(context) for node in self]))
                               ^^^^^^^^^^^^^^^^^^^^^^^^^^^^^^
  File "C:\Users\kotch\MOVELIKEAPYTHON\venv\Lib\site-packages\django\template\base.py", line 977, in render_annotated
    return self.render(context)
           ^^^^^^^^^^^^^^^^^^^^
  File "C:\Users\kotch\MOVELIKEAPYTHON\venv\Lib\site-packages\django\template\loader_tags.py", line 65, in render
    result = block.nodelist.render(context)
             ^^^^^^^^^^^^^^^^^^^^^^^^^^^^^^
  File "C:\Users\kotch\MOVELIKEAPYTHON\venv\Lib\site-packages\django\template\base.py", line 1016, in render
    return SafeString("".join([node.render_annotated(context) for node in self]))
                               ^^^^^^^^^^^^^^^^^^^^^^^^^^^^^^
  File "C:\Users\kotch\MOVELIKEAPYTHON\venv\Lib\site-packages\django\template\base.py", line 977, in render_annotated
    return self.render(context)
           ^^^^^^^^^^^^^^^^^^^^
  File "C:\Users\kotch\MOVELIKEAPYTHON\venv\Lib\site-packages\django\template\defaulttags.py", line 480, in render
    url = reverse(view_name, args=args, kwargs=kwargs, current_app=current_app)
          ^^^^^^^^^^^^^^^^^^^^^^^^^^^^^^^^^^^^^^^^^^^^^^^^^^^^^^^^^^^^^^^^^^^^^
  File "C:\Users\kotch\MOVELIKEAPYTHON\venv\Lib\site-packages\django\urls\base.py", line 98, in reverse
    resolved_url = resolver._reverse_with_prefix(view, prefix, *args, **kwargs)
                   ^^^^^^^^^^^^^^^^^^^^^^^^^^^^^^^^^^^^^^^^^^^^^^^^^^^^^^^^^^^^
  File "C:\Users\kotch\MOVELIKEAPYTHON\venv\Lib\site-packages\django\urls\resolvers.py", line 831, in _reverse_with_prefix
    raise NoReverseMatch(msg)
django.urls.exceptions.NoReverseMatch: Reverse for 'panier' not found. 'panier' is not a valid view function or pattern name.
Internal Server Error: /suivi-commandes/
Traceback (most recent call last):
  File "C:\Users\kotch\MOVELIKEAPYTHON\venv\Lib\site-packages\django\core\handlers\exception.py", line 55, in inner
    response = get_response(request)
               ^^^^^^^^^^^^^^^^^^^^^
  File "C:\Users\kotch\MOVELIKEAPYTHON\venv\Lib\site-packages\django\core\handlers\base.py", line 197, in _get_response
    response = wrapped_callback(request, *callback_args, **callback_kwargs)
               ^^^^^^^^^^^^^^^^^^^^^^^^^^^^^^^^^^^^^^^^^^^^^^^^^^^^^^^^^^^^
  File "C:\Users\kotch\MOVELIKEAPYTHON\venv\Lib\site-packages\django\contrib\auth\decorators.py", line 59, in _view_wrapper
    return view_func(request, *args, **kwargs)
           ^^^^^^^^^^^^^^^^^^^^^^^^^^^^^^^^^^^
  File "C:\Users\kotch\MOVELIKEAPYTHON\restaurant_project\restaurant\views.py", line 495, in suivi_commandes
    return render(request, 'restaurant/suivi_commandes.html', {
           ^^^^^^^^^^^^^^^^^^^^^^^^^^^^^^^^^^^^^^^^^^^^^^^^^^^^
  File "C:\Users\kotch\MOVELIKEAPYTHON\venv\Lib\site-packages\django\shortcuts.py", line 25, in render
    content = loader.render_to_string(template_name, context, request, using=using)
              ^^^^^^^^^^^^^^^^^^^^^^^^^^^^^^^^^^^^^^^^^^^^^^^^^^^^^^^^^^^^^^^^^^^^^
  File "C:\Users\kotch\MOVELIKEAPYTHON\venv\Lib\site-packages\django\template\loader.py", line 62, in render_to_string
    return template.render(context, request)
           ^^^^^^^^^^^^^^^^^^^^^^^^^^^^^^^^^
  File "C:\Users\kotch\MOVELIKEAPYTHON\venv\Lib\site-packages\django\template\backends\django.py", line 107, in render
    return self.template.render(context)
           ^^^^^^^^^^^^^^^^^^^^^^^^^^^^^
  File "C:\Users\kotch\MOVELIKEAPYTHON\venv\Lib\site-packages\django\template\base.py", line 171, in render
    return self._render(context)
           ^^^^^^^^^^^^^^^^^^^^^
  File "C:\Users\kotch\MOVELIKEAPYTHON\venv\Lib\site-packages\django\template\base.py", line 163, in _render
    return self.nodelist.render(context)
           ^^^^^^^^^^^^^^^^^^^^^^^^^^^^^
  File "C:\Users\kotch\MOVELIKEAPYTHON\venv\Lib\site-packages\django\template\base.py", line 1016, in render
    return SafeString("".join([node.render_annotated(context) for node in self]))
                               ^^^^^^^^^^^^^^^^^^^^^^^^^^^^^^
  File "C:\Users\kotch\MOVELIKEAPYTHON\venv\Lib\site-packages\django\template\base.py", line 977, in render_annotated
    return self.render(context)
           ^^^^^^^^^^^^^^^^^^^^
  File "C:\Users\kotch\MOVELIKEAPYTHON\venv\Lib\site-packages\django\template\loader_tags.py", line 159, in render
    return compiled_parent._render(context)
           ^^^^^^^^^^^^^^^^^^^^^^^^^^^^^^^^
  File "C:\Users\kotch\MOVELIKEAPYTHON\venv\Lib\site-packages\django\template\base.py", line 163, in _render
    return self.nodelist.render(context)
           ^^^^^^^^^^^^^^^^^^^^^^^^^^^^^
  File "C:\Users\kotch\MOVELIKEAPYTHON\venv\Lib\site-packages\django\template\base.py", line 1016, in render
    return SafeString("".join([node.render_annotated(context) for node in self]))
                               ^^^^^^^^^^^^^^^^^^^^^^^^^^^^^^
  File "C:\Users\kotch\MOVELIKEAPYTHON\venv\Lib\site-packages\django\template\base.py", line 977, in render_annotated
    return self.render(context)
           ^^^^^^^^^^^^^^^^^^^^
  File "C:\Users\kotch\MOVELIKEAPYTHON\venv\Lib\site-packages\django\template\loader_tags.py", line 65, in render
    result = block.nodelist.render(context)
             ^^^^^^^^^^^^^^^^^^^^^^^^^^^^^^
  File "C:\Users\kotch\MOVELIKEAPYTHON\venv\Lib\site-packages\django\template\base.py", line 1016, in render
    return SafeString("".join([node.render_annotated(context) for node in self]))
                               ^^^^^^^^^^^^^^^^^^^^^^^^^^^^^^
  File "C:\Users\kotch\MOVELIKEAPYTHON\venv\Lib\site-packages\django\template\base.py", line 977, in render_annotated
    return self.render(context)
           ^^^^^^^^^^^^^^^^^^^^
  File "C:\Users\kotch\MOVELIKEAPYTHON\venv\Lib\site-packages\django\template\defaulttags.py", line 480, in render
    url = reverse(view_name, args=args, kwargs=kwargs, current_app=current_app)
          ^^^^^^^^^^^^^^^^^^^^^^^^^^^^^^^^^^^^^^^^^^^^^^^^^^^^^^^^^^^^^^^^^^^^^
  File "C:\Users\kotch\MOVELIKEAPYTHON\venv\Lib\site-packages\django\urls\base.py", line 98, in reverse
    resolved_url = resolver._reverse_with_prefix(view, prefix, *args, **kwargs)
                   ^^^^^^^^^^^^^^^^^^^^^^^^^^^^^^^^^^^^^^^^^^^^^^^^^^^^^^^^^^^^
  File "C:\Users\kotch\MOVELIKEAPYTHON\venv\Lib\site-packages\django\urls\resolvers.py", line 831, in _reverse_with_prefix
    raise NoReverseMatch(msg)
django.urls.exceptions.NoReverseMatch: Reverse for 'panier' not found. 'panier' is not a valid view function or pattern name.
Internal Server Error: /suivi-commandes/
Traceback (most recent call last):
  File "C:\Users\kotch\MOVELIKEAPYTHON\venv\Lib\site-packages\django\core\handlers\exception.py", line 55, in inner
    response = get_response(request)
               ^^^^^^^^^^^^^^^^^^^^^
  File "C:\Users\kotch\MOVELIKEAPYTHON\venv\Lib\site-packages\django\core\handlers\base.py", line 197, in _get_response
    response = wrapped_callback(request, *callback_args, **callback_kwargs)
               ^^^^^^^^^^^^^^^^^^^^^^^^^^^^^^^^^^^^^^^^^^^^^^^^^^^^^^^^^^^^
  File "C:\Users\kotch\MOVELIKEAPYTHON\venv\Lib\site-packages\django\contrib\auth\decorators.py", line 59, in _view_wrapper
    return view_func(request, *args, **kwargs)
           ^^^^^^^^^^^^^^^^^^^^^^^^^^^^^^^^^^^
  File "C:\Users\kotch\MOVELIKEAPYTHON\restaurant_project\restaurant\views.py", line 495, in suivi_commandes
    return render(request, 'restaurant/suivi_commandes.html', {
           ^^^^^^^^^^^^^^^^^^^^^^^^^^^^^^^^^^^^^^^^^^^^^^^^^^^^
  File "C:\Users\kotch\MOVELIKEAPYTHON\venv\Lib\site-packages\django\shortcuts.py", line 25, in render
    content = loader.render_to_string(template_name, context, request, using=using)
              ^^^^^^^^^^^^^^^^^^^^^^^^^^^^^^^^^^^^^^^^^^^^^^^^^^^^^^^^^^^^^^^^^^^^^
  File "C:\Users\kotch\MOVELIKEAPYTHON\venv\Lib\site-packages\django\template\loader.py", line 62, in render_to_string
    return template.render(context, request)
           ^^^^^^^^^^^^^^^^^^^^^^^^^^^^^^^^^
  File "C:\Users\kotch\MOVELIKEAPYTHON\venv\Lib\site-packages\django\template\backends\django.py", line 107, in render
    return self.template.render(context)
           ^^^^^^^^^^^^^^^^^^^^^^^^^^^^^
  File "C:\Users\kotch\MOVELIKEAPYTHON\venv\Lib\site-packages\django\template\base.py", line 171, in render
    return self._render(context)
           ^^^^^^^^^^^^^^^^^^^^^
  File "C:\Users\kotch\MOVELIKEAPYTHON\venv\Lib\site-packages\django\template\base.py", line 163, in _render
    return self.nodelist.render(context)
           ^^^^^^^^^^^^^^^^^^^^^^^^^^^^^
  File "C:\Users\kotch\MOVELIKEAPYTHON\venv\Lib\site-packages\django\template\base.py", line 1016, in render
    return SafeString("".join([node.render_annotated(context) for node in self]))
                               ^^^^^^^^^^^^^^^^^^^^^^^^^^^^^^
  File "C:\Users\kotch\MOVELIKEAPYTHON\venv\Lib\site-packages\django\template\base.py", line 977, in render_annotated
    return self.render(context)
           ^^^^^^^^^^^^^^^^^^^^
  File "C:\Users\kotch\MOVELIKEAPYTHON\venv\Lib\site-packages\django\template\loader_tags.py", line 159, in render
    return compiled_parent._render(context)
           ^^^^^^^^^^^^^^^^^^^^^^^^^^^^^^^^
  File "C:\Users\kotch\MOVELIKEAPYTHON\venv\Lib\site-packages\django\template\base.py", line 163, in _render
    return self.nodelist.render(context)
           ^^^^^^^^^^^^^^^^^^^^^^^^^^^^^
  File "C:\Users\kotch\MOVELIKEAPYTHON\venv\Lib\site-packages\django\template\base.py", line 1016, in render
    return SafeString("".join([node.render_annotated(context) for node in self]))
                               ^^^^^^^^^^^^^^^^^^^^^^^^^^^^^^
  File "C:\Users\kotch\MOVELIKEAPYTHON\venv\Lib\site-packages\django\template\base.py", line 977, in render_annotated
    return self.render(context)
           ^^^^^^^^^^^^^^^^^^^^
  File "C:\Users\kotch\MOVELIKEAPYTHON\venv\Lib\site-packages\django\template\loader_tags.py", line 65, in render
    result = block.nodelist.render(context)
             ^^^^^^^^^^^^^^^^^^^^^^^^^^^^^^
  File "C:\Users\kotch\MOVELIKEAPYTHON\venv\Lib\site-packages\django\template\base.py", line 1016, in render
    return SafeString("".join([node.render_annotated(context) for node in self]))
                               ^^^^^^^^^^^^^^^^^^^^^^^^^^^^^^
  File "C:\Users\kotch\MOVELIKEAPYTHON\venv\Lib\site-packages\django\template\base.py", line 977, in render_annotated
    return self.render(context)
           ^^^^^^^^^^^^^^^^^^^^
  File "C:\Users\kotch\MOVELIKEAPYTHON\venv\Lib\site-packages\django\template\defaulttags.py", line 480, in render
    url = reverse(view_name, args=args, kwargs=kwargs, current_app=current_app)
          ^^^^^^^^^^^^^^^^^^^^^^^^^^^^^^^^^^^^^^^^^^^^^^^^^^^^^^^^^^^^^^^^^^^^^
  File "C:\Users\kotch\MOVELIKEAPYTHON\venv\Lib\site-packages\django\urls\base.py", line 98, in reverse
    resolved_url = resolver._reverse_with_prefix(view, prefix, *args, **kwargs)
                   ^^^^^^^^^^^^^^^^^^^^^^^^^^^^^^^^^^^^^^^^^^^^^^^^^^^^^^^^^^^^
  File "C:\Users\kotch\MOVELIKEAPYTHON\venv\Lib\site-packages\django\urls\resolvers.py", line 831, in _reverse_with_prefix
    raise NoReverseMatch(msg)
django.urls.exceptions.NoReverseMatch: Reverse for 'panier' not found. 'panier' is not a valid view function or pattern name.
Internal Server Error: /suivi-commandes/
Traceback (most recent call last):
  File "C:\Users\kotch\MOVELIKEAPYTHON\venv\Lib\site-packages\django\core\handlers\exception.py", line 55, in inner
    response = get_response(request)
               ^^^^^^^^^^^^^^^^^^^^^
  File "C:\Users\kotch\MOVELIKEAPYTHON\venv\Lib\site-packages\django\core\handlers\base.py", line 197, in _get_response
    response = wrapped_callback(request, *callback_args, **callback_kwargs)
               ^^^^^^^^^^^^^^^^^^^^^^^^^^^^^^^^^^^^^^^^^^^^^^^^^^^^^^^^^^^^
  File "C:\Users\kotch\MOVELIKEAPYTHON\venv\Lib\site-packages\django\contrib\auth\decorators.py", line 59, in _view_wrapper
    return view_func(request, *args, **kwargs)
           ^^^^^^^^^^^^^^^^^^^^^^^^^^^^^^^^^^^
  File "C:\Users\kotch\MOVELIKEAPYTHON\restaurant_project\restaurant\views.py", line 495, in suivi_commandes
    return render(request, 'restaurant/suivi_commandes.html', {
           ^^^^^^^^^^^^^^^^^^^^^^^^^^^^^^^^^^^^^^^^^^^^^^^^^^^^
  File "C:\Users\kotch\MOVELIKEAPYTHON\venv\Lib\site-packages\django\shortcuts.py", line 25, in render
    content = loader.render_to_string(template_name, context, request, using=using)
              ^^^^^^^^^^^^^^^^^^^^^^^^^^^^^^^^^^^^^^^^^^^^^^^^^^^^^^^^^^^^^^^^^^^^^
  File "C:\Users\kotch\MOVELIKEAPYTHON\venv\Lib\site-packages\django\template\loader.py", line 62, in render_to_string
    return template.render(context, request)
           ^^^^^^^^^^^^^^^^^^^^^^^^^^^^^^^^^
  File "C:\Users\kotch\MOVELIKEAPYTHON\venv\Lib\site-packages\django\template\backends\django.py", line 107, in render
    return self.template.render(context)
           ^^^^^^^^^^^^^^^^^^^^^^^^^^^^^
  File "C:\Users\kotch\MOVELIKEAPYTHON\venv\Lib\site-packages\django\template\base.py", line 171, in render
    return self._render(context)
           ^^^^^^^^^^^^^^^^^^^^^
  File "C:\Users\kotch\MOVELIKEAPYTHON\venv\Lib\site-packages\django\template\base.py", line 163, in _render
    return self.nodelist.render(context)
           ^^^^^^^^^^^^^^^^^^^^^^^^^^^^^
  File "C:\Users\kotch\MOVELIKEAPYTHON\venv\Lib\site-packages\django\template\base.py", line 1016, in render
    return SafeString("".join([node.render_annotated(context) for node in self]))
                               ^^^^^^^^^^^^^^^^^^^^^^^^^^^^^^
  File "C:\Users\kotch\MOVELIKEAPYTHON\venv\Lib\site-packages\django\template\base.py", line 977, in render_annotated
    return self.render(context)
           ^^^^^^^^^^^^^^^^^^^^
  File "C:\Users\kotch\MOVELIKEAPYTHON\venv\Lib\site-packages\django\template\loader_tags.py", line 159, in render
    return compiled_parent._render(context)
           ^^^^^^^^^^^^^^^^^^^^^^^^^^^^^^^^
  File "C:\Users\kotch\MOVELIKEAPYTHON\venv\Lib\site-packages\django\template\base.py", line 163, in _render
    return self.nodelist.render(context)
           ^^^^^^^^^^^^^^^^^^^^^^^^^^^^^
  File "C:\Users\kotch\MOVELIKEAPYTHON\venv\Lib\site-packages\django\template\base.py", line 1016, in render
    return SafeString("".join([node.render_annotated(context) for node in self]))
                               ^^^^^^^^^^^^^^^^^^^^^^^^^^^^^^
  File "C:\Users\kotch\MOVELIKEAPYTHON\venv\Lib\site-packages\django\template\base.py", line 977, in render_annotated
    return self.render(context)
           ^^^^^^^^^^^^^^^^^^^^
  File "C:\Users\kotch\MOVELIKEAPYTHON\venv\Lib\site-packages\django\template\loader_tags.py", line 65, in render
    result = block.nodelist.render(context)
             ^^^^^^^^^^^^^^^^^^^^^^^^^^^^^^
  File "C:\Users\kotch\MOVELIKEAPYTHON\venv\Lib\site-packages\django\template\base.py", line 1016, in render
    return SafeString("".join([node.render_annotated(context) for node in self]))
                               ^^^^^^^^^^^^^^^^^^^^^^^^^^^^^^
  File "C:\Users\kotch\MOVELIKEAPYTHON\venv\Lib\site-packages\django\template\base.py", line 977, in render_annotated
    return self.render(context)
           ^^^^^^^^^^^^^^^^^^^^
  File "C:\Users\kotch\MOVELIKEAPYTHON\venv\Lib\site-packages\django\template\defaulttags.py", line 480, in render
    url = reverse(view_name, args=args, kwargs=kwargs, current_app=current_app)
          ^^^^^^^^^^^^^^^^^^^^^^^^^^^^^^^^^^^^^^^^^^^^^^^^^^^^^^^^^^^^^^^^^^^^^
  File "C:\Users\kotch\MOVELIKEAPYTHON\venv\Lib\site-packages\django\urls\base.py", line 98, in reverse
    resolved_url = resolver._reverse_with_prefix(view, prefix, *args, **kwargs)
                   ^^^^^^^^^^^^^^^^^^^^^^^^^^^^^^^^^^^^^^^^^^^^^^^^^^^^^^^^^^^^
  File "C:\Users\kotch\MOVELIKEAPYTHON\venv\Lib\site-packages\django\urls\resolvers.py", line 831, in _reverse_with_prefix
    raise NoReverseMatch(msg)
django.urls.exceptions.NoReverseMatch: Reverse for 'panier' not found. 'panier' is not a valid view function or pattern name.
Not Found: /images/bg_2.png
Not Found: /images/about.jpg
Not Found: /images/pizza-1.jpg
Not Found: /images/pizza-2.jpg
Not Found: /images/pizza-3.jpg
Not Found: /images/pizza-4.jpg
Not Found: /images/pizza-5.jpg
Not Found: /images/bg_1.jpg
Not Found: /images/bg_2.jpg
Not Found: /images/bg_3.jpg
Not Found: /images/pizza-6.jpg
Not Found: /images/pizza-7.jpg
Not Found: /images/pizza-8.jpg
Not Found: /images/gallery-1.jpg
Not Found: /images/gallery-2.jpg
Not Found: /images/gallery-3.jpg
Not Found: /images/gallery-4.jpg
Not Found: /images/image_1.jpg
Not Found: /images/image_2.jpg
Not Found: /images/image_3.jpg
Not Found: /images/bg_2.png
Not Found: /images/about.jpg
Not Found: /images/pizza-4.jpg
Not Found: /images/pizza-1.jpg
Not Found: /images/pizza-2.jpg
Not Found: /images/pizza-3.jpg
Not Found: /images/pizza-5.jpg
Not Found: /images/bg_1.jpg
Not Found: /images/bg_2.jpg
Not Found: /images/bg_3.jpg
Not Found: /images/pizza-6.jpg
Not Found: /images/pizza-7.jpg
Not Found: /images/pizza-8.jpg
Not Found: /images/gallery-1.jpg
Not Found: /images/gallery-2.jpg
Not Found: /images/gallery-3.jpg
Not Found: /images/gallery-4.jpg
Not Found: /images/image_1.jpg
Not Found: /images/image_2.jpg
Not Found: /images/image_3.jpg
Not Found: /images/bg_2.png
Not Found: /images/about.jpg
Not Found: /images/pizza-3.jpg
Not Found: /images/pizza-2.jpg
Not Found: /images/pizza-1.jpg
Not Found: /images/pizza-4.jpg
Not Found: /images/pizza-5.jpg
Not Found: /images/bg_1.jpg
Not Found: /images/bg_3.jpg
Not Found: /images/bg_2.jpg
Not Found: /images/pizza-6.jpg
Not Found: /images/pizza-7.jpg
Not Found: /images/pizza-8.jpg
Not Found: /images/gallery-1.jpg
Not Found: /images/gallery-2.jpg
Not Found: /images/gallery-3.jpg
Not Found: /images/gallery-4.jpg
Not Found: /images/image_1.jpg
Not Found: /images/image_2.jpg
Not Found: /images/image_3.jpg
Not Found: /images/bg_2.png
Not Found: /images/about.jpg
Not Found: /images/pizza-4.jpg
Not Found: /images/pizza-1.jpg
Not Found: /images/pizza-6.jpg
Not Found: /images/pizza-2.jpg
Not Found: /images/pizza-5.jpg
Not Found: /images/pizza-3.jpg
Not Found: /images/bg_1.jpg
Not Found: /images/bg_2.jpg
Not Found: /images/pizza-7.jpg
Not Found: /images/bg_3.jpg
Not Found: /images/pizza-8.jpg
Not Found: /images/gallery-1.jpg
Not Found: /images/gallery-2.jpg
Not Found: /images/gallery-3.jpg
Not Found: /images/image_1.jpg
Not Found: /images/gallery-4.jpg
Not Found: /images/image_2.jpg
Not Found: /images/image_3.jpg
Watching for file changes with StatReloader
Not Found: /images/bg_2.png
Not Found: /images/about.jpg
Not Found: /images/pizza-1.jpg
Not Found: /images/pizza-2.jpg
Not Found: /images/pizza-6.jpg
Not Found: /images/pizza-3.jpg
Not Found: /images/pizza-4.jpg
Not Found: /images/pizza-5.jpg
Not Found: /images/pizza-7.jpg
Not Found: /images/pizza-8.jpg
Not Found: /images/gallery-1.jpg
Not Found: /images/gallery-2.jpg
Not Found: /images/gallery-3.jpg
Not Found: /images/gallery-4.jpg
Not Found: /images/bg_2.jpg
Not Found: /images/image_2.jpg
Not Found: /images/image_1.jpg
Not Found: /images/image_3.jpg
Not Found: /images/bg_1.jpg
Not Found: /images/bg_2.jpg
Not Found: /images/bg_3.jpg
Not Found: /images/bg_2.png
Internal Server Error: /panier/
Traceback (most recent call last):
  File "C:\Users\kotch\MOVELIKEAPYTHON\venv\Lib\site-packages\django\core\handlers\exception.py", line 55, in inner
    response = get_response(request)
               ^^^^^^^^^^^^^^^^^^^^^
  File "C:\Users\kotch\MOVELIKEAPYTHON\venv\Lib\site-packages\django\core\handlers\base.py", line 197, in _get_response
    response = wrapped_callback(request, *callback_args, **callback_kwargs)
               ^^^^^^^^^^^^^^^^^^^^^^^^^^^^^^^^^^^^^^^^^^^^^^^^^^^^^^^^^^^^
  File "C:\Users\kotch\MOVELIKEAPYTHON\venv\Lib\site-packages\django\contrib\auth\decorators.py", line 59, in _view_wrapper
    return view_func(request, *args, **kwargs)
           ^^^^^^^^^^^^^^^^^^^^^^^^^^^^^^^^^^^
  File "C:\Users\kotch\MOVELIKEAPYTHON\restaurant_project\restaurant\views.py", line 250, in voir_panier
    return render(request, 'restaurant/panier.html', {'panier': panier})
           ^^^^^^^^^^^^^^^^^^^^^^^^^^^^^^^^^^^^^^^^^^^^^^^^^^^^^^^^^^^^^
  File "C:\Users\kotch\MOVELIKEAPYTHON\venv\Lib\site-packages\django\shortcuts.py", line 25, in render
    content = loader.render_to_string(template_name, context, request, using=using)
              ^^^^^^^^^^^^^^^^^^^^^^^^^^^^^^^^^^^^^^^^^^^^^^^^^^^^^^^^^^^^^^^^^^^^^
  File "C:\Users\kotch\MOVELIKEAPYTHON\venv\Lib\site-packages\django\template\loader.py", line 62, in render_to_string
    return template.render(context, request)
           ^^^^^^^^^^^^^^^^^^^^^^^^^^^^^^^^^
  File "C:\Users\kotch\MOVELIKEAPYTHON\venv\Lib\site-packages\django\template\backends\django.py", line 107, in render
    return self.template.render(context)
           ^^^^^^^^^^^^^^^^^^^^^^^^^^^^^
  File "C:\Users\kotch\MOVELIKEAPYTHON\venv\Lib\site-packages\django\template\base.py", line 171, in render
    return self._render(context)
           ^^^^^^^^^^^^^^^^^^^^^
  File "C:\Users\kotch\MOVELIKEAPYTHON\venv\Lib\site-packages\django\template\base.py", line 163, in _render
    return self.nodelist.render(context)
           ^^^^^^^^^^^^^^^^^^^^^^^^^^^^^
  File "C:\Users\kotch\MOVELIKEAPYTHON\venv\Lib\site-packages\django\template\base.py", line 1016, in render
    return SafeString("".join([node.render_annotated(context) for node in self]))
                               ^^^^^^^^^^^^^^^^^^^^^^^^^^^^^^
  File "C:\Users\kotch\MOVELIKEAPYTHON\venv\Lib\site-packages\django\template\base.py", line 977, in render_annotated
    return self.render(context)
           ^^^^^^^^^^^^^^^^^^^^
  File "C:\Users\kotch\MOVELIKEAPYTHON\venv\Lib\site-packages\django\template\loader_tags.py", line 159, in render
    return compiled_parent._render(context)
           ^^^^^^^^^^^^^^^^^^^^^^^^^^^^^^^^
  File "C:\Users\kotch\MOVELIKEAPYTHON\venv\Lib\site-packages\django\template\base.py", line 163, in _render
    return self.nodelist.render(context)
           ^^^^^^^^^^^^^^^^^^^^^^^^^^^^^
  File "C:\Users\kotch\MOVELIKEAPYTHON\venv\Lib\site-packages\django\template\base.py", line 1016, in render
    return SafeString("".join([node.render_annotated(context) for node in self]))
                               ^^^^^^^^^^^^^^^^^^^^^^^^^^^^^^
  File "C:\Users\kotch\MOVELIKEAPYTHON\venv\Lib\site-packages\django\template\base.py", line 977, in render_annotated
    return self.render(context)
           ^^^^^^^^^^^^^^^^^^^^
  File "C:\Users\kotch\MOVELIKEAPYTHON\venv\Lib\site-packages\django\template\loader_tags.py", line 65, in render
    result = block.nodelist.render(context)
             ^^^^^^^^^^^^^^^^^^^^^^^^^^^^^^
  File "C:\Users\kotch\MOVELIKEAPYTHON\venv\Lib\site-packages\django\template\base.py", line 1016, in render
    return SafeString("".join([node.render_annotated(context) for node in self]))
                               ^^^^^^^^^^^^^^^^^^^^^^^^^^^^^^
  File "C:\Users\kotch\MOVELIKEAPYTHON\venv\Lib\site-packages\django\template\base.py", line 977, in render_annotated
    return self.render(context)
           ^^^^^^^^^^^^^^^^^^^^
  File "C:\Users\kotch\MOVELIKEAPYTHON\venv\Lib\site-packages\django\template\defaulttags.py", line 327, in render
    return nodelist.render(context)
           ^^^^^^^^^^^^^^^^^^^^^^^^
  File "C:\Users\kotch\MOVELIKEAPYTHON\venv\Lib\site-packages\django\template\base.py", line 1016, in render
    return SafeString("".join([node.render_annotated(context) for node in self]))
                               ^^^^^^^^^^^^^^^^^^^^^^^^^^^^^^
  File "C:\Users\kotch\MOVELIKEAPYTHON\venv\Lib\site-packages\django\template\base.py", line 977, in render_annotated
    return self.render(context)
           ^^^^^^^^^^^^^^^^^^^^
  File "C:\Users\kotch\MOVELIKEAPYTHON\venv\Lib\site-packages\django\template\defaulttags.py", line 480, in render
    url = reverse(view_name, args=args, kwargs=kwargs, current_app=current_app)
          ^^^^^^^^^^^^^^^^^^^^^^^^^^^^^^^^^^^^^^^^^^^^^^^^^^^^^^^^^^^^^^^^^^^^^
  File "C:\Users\kotch\MOVELIKEAPYTHON\venv\Lib\site-packages\django\urls\base.py", line 98, in reverse
    resolved_url = resolver._reverse_with_prefix(view, prefix, *args, **kwargs)
                   ^^^^^^^^^^^^^^^^^^^^^^^^^^^^^^^^^^^^^^^^^^^^^^^^^^^^^^^^^^^^
  File "C:\Users\kotch\MOVELIKEAPYTHON\venv\Lib\site-packages\django\urls\resolvers.py", line 831, in _reverse_with_prefix
    raise NoReverseMatch(msg)
django.urls.exceptions.NoReverseMatch: Reverse for 'suivi_commande' with no arguments not found. 1 pattern(s) tried: ['suivi\\-commande/(?P<commande_id>[0-9]+)/\\Z']
C:\Users\kotch\MOVELIKEAPYTHON\restaurant_project\restaurant\views.py changed, reloading.
Watching for file changes with StatReloader
C:\Users\kotch\MOVELIKEAPYTHON\restaurant_project\restaurant\views.py changed, reloading.
Watching for file changes with StatReloader
Not Found: /images/bg_2.png
Not Found: /images/about.jpg
Not Found: /images/pizza-1.jpg
Not Found: /images/pizza-2.jpg
Not Found: /images/pizza-3.jpg
Not Found: /images/pizza-4.jpg
Not Found: /images/pizza-7.jpg
Not Found: /images/pizza-5.jpg
Not Found: /images/pizza-6.jpg
Not Found: /images/bg_1.jpg
Not Found: /images/bg_2.jpg
Not Found: /images/gallery-1.jpg
Not Found: /images/pizza-8.jpg
Not Found: /images/gallery-2.jpg
Not Found: /images/bg_3.jpg
Not Found: /images/gallery-3.jpg
Not Found: /images/gallery-4.jpg
Not Found: /images/bg_2.png
Not Found: /images/image_1.jpg
Not Found: /images/image_3.jpg
Not Found: /images/image_2.jpg
Not Found: /images/bg_2.png
Not Found: /images/about.jpg
Not Found: /images/pizza-2.jpg
Not Found: /images/pizza-3.jpg
Not Found: /images/pizza-4.jpg
Not Found: /images/pizza-1.jpg
Not Found: /images/pizza-6.jpg
Not Found: /images/bg_1.jpg
Not Found: /images/pizza-5.jpg
Not Found: /images/bg_2.jpg
Not Found: /images/bg_3.jpg
Not Found: /images/pizza-7.jpg
Not Found: /images/pizza-8.jpg
Not Found: /images/gallery-2.jpg
Not Found: /images/gallery-1.jpg
Not Found: /images/gallery-3.jpg
Not Found: /images/gallery-4.jpg
Not Found: /images/image_1.jpg
Not Found: /images/image_2.jpg
Not Found: /images/image_3.jpg
Not Found: /images/bg_2.png
Not Found: /images/bg_2.png
Not Found: /images/pizza-4.jpg
Not Found: /images/pizza-1.jpg
Not Found: /images/about.jpg
Not Found: /images/pizza-2.jpg
Not Found: /images/pizza-3.jpg
Not Found: /images/pizza-5.jpg
Not Found: /images/bg_3.jpg
Not Found: /images/pizza-6.jpg
Not Found: /images/pizza-7.jpg
Not Found: /images/pizza-8.jpg
Not Found: /images/gallery-1.jpg
Not Found: /images/gallery-3.jpg
Not Found: /images/gallery-2.jpg
Not Found: /images/gallery-4.jpg
Not Found: /images/bg_2.jpg
Not Found: /images/image_1.jpg
Not Found: /images/image_2.jpg
Not Found: /images/image_3.jpg
Not Found: /images/bg_1.jpg
Watching for file changes with StatReloader
Not Found: /images/bg_2.png
Not Found: /images/about.jpg
Not Found: /images/pizza-1.jpg
Not Found: /images/pizza-2.jpg
Not Found: /images/pizza-3.jpg
Not Found: /images/pizza-6.jpg
Not Found: /images/pizza-4.jpg
Not Found: /images/pizza-5.jpg
Not Found: /images/pizza-7.jpg
Not Found: /images/pizza-8.jpg
Not Found: /images/gallery-1.jpg
Not Found: /images/gallery-2.jpg
Not Found: /images/gallery-3.jpg
Not Found: /images/gallery-4.jpg
Not Found: /images/bg_2.jpg
Not Found: /images/image_1.jpg
Not Found: /images/image_3.jpg
Not Found: /images/image_2.jpg
Not Found: /images/bg_1.jpg
Not Found: /images/bg_2.jpg
Not Found: /images/bg_3.jpg
Not Found: /images/bg_2.png
Internal Server Error: /plat/11/
Traceback (most recent call last):
  File "C:\Users\kotch\MOVELIKEAPYTHON\venv\Lib\site-packages\django\core\handlers\exception.py", line 55, in inner
    response = get_response(request)
               ^^^^^^^^^^^^^^^^^^^^^
  File "C:\Users\kotch\MOVELIKEAPYTHON\venv\Lib\site-packages\django\core\handlers\base.py", line 220, in _get_response
    response = response.render()
               ^^^^^^^^^^^^^^^^^
  File "C:\Users\kotch\MOVELIKEAPYTHON\venv\Lib\site-packages\django\template\response.py", line 114, in render
    self.content = self.rendered_content
                   ^^^^^^^^^^^^^^^^^^^^^
  File "C:\Users\kotch\MOVELIKEAPYTHON\venv\Lib\site-packages\django\template\response.py", line 90, in rendered_content
    template = self.resolve_template(self.template_name)
               ^^^^^^^^^^^^^^^^^^^^^^^^^^^^^^^^^^^^^^^^^
  File "C:\Users\kotch\MOVELIKEAPYTHON\venv\Lib\site-packages\django\template\response.py", line 72, in resolve_template
    return select_template(template, using=self.using)
           ^^^^^^^^^^^^^^^^^^^^^^^^^^^^^^^^^^^^^^^^^^^
  File "C:\Users\kotch\MOVELIKEAPYTHON\venv\Lib\site-packages\django\template\loader.py", line 47, in select_template
    raise TemplateDoesNotExist(", ".join(template_name_list), chain=chain)
django.template.exceptions.TemplateDoesNotExist: restaurant/detail.html
Internal Server Error: /plat/10/
Traceback (most recent call last):
  File "C:\Users\kotch\MOVELIKEAPYTHON\venv\Lib\site-packages\django\core\handlers\exception.py", line 55, in inner
    response = get_response(request)
               ^^^^^^^^^^^^^^^^^^^^^
  File "C:\Users\kotch\MOVELIKEAPYTHON\venv\Lib\site-packages\django\core\handlers\base.py", line 220, in _get_response
    response = response.render()
               ^^^^^^^^^^^^^^^^^
  File "C:\Users\kotch\MOVELIKEAPYTHON\venv\Lib\site-packages\django\template\response.py", line 114, in render
    self.content = self.rendered_content
                   ^^^^^^^^^^^^^^^^^^^^^
  File "C:\Users\kotch\MOVELIKEAPYTHON\venv\Lib\site-packages\django\template\response.py", line 90, in rendered_content
    template = self.resolve_template(self.template_name)
               ^^^^^^^^^^^^^^^^^^^^^^^^^^^^^^^^^^^^^^^^^
  File "C:\Users\kotch\MOVELIKEAPYTHON\venv\Lib\site-packages\django\template\response.py", line 72, in resolve_template
    return select_template(template, using=self.using)
           ^^^^^^^^^^^^^^^^^^^^^^^^^^^^^^^^^^^^^^^^^^^
  File "C:\Users\kotch\MOVELIKEAPYTHON\venv\Lib\site-packages\django\template\loader.py", line 47, in select_template
    raise TemplateDoesNotExist(", ".join(template_name_list), chain=chain)
django.template.exceptions.TemplateDoesNotExist: restaurant/detail.html
C:\Users\kotch\MOVELIKEAPYTHON\restaurant_project\restaurant\views.py changed, reloading.
Watching for file changes with StatReloader
C:\Users\kotch\MOVELIKEAPYTHON\restaurant_project\restaurant\urls.py changed, reloading.
Watching for file changes with StatReloader
Internal Server Error: /plat/10/
Traceback (most recent call last):
  File "C:\Users\kotch\MOVELIKEAPYTHON\venv\Lib\site-packages\django\template\defaulttags.py", line 1035, in find_library
    return parser.libraries[name]
           ~~~~~~~~~~~~~~~~^^^^^^
KeyError: 'currency_tags'

During handling of the above exception, another exception occurred:

Traceback (most recent call last):
  File "C:\Users\kotch\MOVELIKEAPYTHON\venv\Lib\site-packages\django\core\handlers\exception.py", line 55, in inner
    response = get_response(request)
               ^^^^^^^^^^^^^^^^^^^^^
  File "C:\Users\kotch\MOVELIKEAPYTHON\venv\Lib\site-packages\django\core\handlers\base.py", line 220, in _get_response
    response = response.render()
               ^^^^^^^^^^^^^^^^^
  File "C:\Users\kotch\MOVELIKEAPYTHON\venv\Lib\site-packages\django\template\response.py", line 114, in render
    self.content = self.rendered_content
                   ^^^^^^^^^^^^^^^^^^^^^
  File "C:\Users\kotch\MOVELIKEAPYTHON\venv\Lib\site-packages\django\template\response.py", line 90, in rendered_content
    template = self.resolve_template(self.template_name)
               ^^^^^^^^^^^^^^^^^^^^^^^^^^^^^^^^^^^^^^^^^
  File "C:\Users\kotch\MOVELIKEAPYTHON\venv\Lib\site-packages\django\template\response.py", line 72, in resolve_template
    return select_template(template, using=self.using)
           ^^^^^^^^^^^^^^^^^^^^^^^^^^^^^^^^^^^^^^^^^^^
  File "C:\Users\kotch\MOVELIKEAPYTHON\venv\Lib\site-packages\django\template\loader.py", line 42, in select_template
    return engine.get_template(template_name)
           ^^^^^^^^^^^^^^^^^^^^^^^^^^^^^^^^^^
  File "C:\Users\kotch\MOVELIKEAPYTHON\venv\Lib\site-packages\django\template\backends\django.py", line 79, in get_template
    return Template(self.engine.get_template(template_name), self)
                    ^^^^^^^^^^^^^^^^^^^^^^^^^^^^^^^^^^^^^^^
  File "C:\Users\kotch\MOVELIKEAPYTHON\venv\Lib\site-packages\django\template\engine.py", line 177, in get_template
    template, origin = self.find_template(template_name)
                       ^^^^^^^^^^^^^^^^^^^^^^^^^^^^^^^^^
  File "C:\Users\kotch\MOVELIKEAPYTHON\venv\Lib\site-packages\django\template\engine.py", line 159, in find_template
    template = loader.get_template(name, skip=skip)
               ^^^^^^^^^^^^^^^^^^^^^^^^^^^^^^^^^^^^
  File "C:\Users\kotch\MOVELIKEAPYTHON\venv\Lib\site-packages\django\template\loaders\cached.py", line 57, in get_template
    template = super().get_template(template_name, skip)
               ^^^^^^^^^^^^^^^^^^^^^^^^^^^^^^^^^^^^^^^^^
  File "C:\Users\kotch\MOVELIKEAPYTHON\venv\Lib\site-packages\django\template\loaders\base.py", line 28, in get_template
    return Template(
           ^^^^^^^^^
  File "C:\Users\kotch\MOVELIKEAPYTHON\venv\Lib\site-packages\django\template\base.py", line 154, in __init__
    self.nodelist = self.compile_nodelist()
                    ^^^^^^^^^^^^^^^^^^^^^^^
  File "C:\Users\kotch\MOVELIKEAPYTHON\venv\Lib\site-packages\django\template\base.py", line 196, in compile_nodelist
    nodelist = parser.parse()
               ^^^^^^^^^^^^^^
  File "C:\Users\kotch\MOVELIKEAPYTHON\venv\Lib\site-packages\django\template\base.py", line 518, in parse
    raise self.error(token, e)
  File "C:\Users\kotch\MOVELIKEAPYTHON\venv\Lib\site-packages\django\template\base.py", line 516, in parse
    compiled_result = compile_func(self, token)
                      ^^^^^^^^^^^^^^^^^^^^^^^^^
  File "C:\Users\kotch\MOVELIKEAPYTHON\venv\Lib\site-packages\django\template\loader_tags.py", line 299, in do_extends
    nodelist = parser.parse()
               ^^^^^^^^^^^^^^
  File "C:\Users\kotch\MOVELIKEAPYTHON\venv\Lib\site-packages\django\template\base.py", line 518, in parse
    raise self.error(token, e)
  File "C:\Users\kotch\MOVELIKEAPYTHON\venv\Lib\site-packages\django\template\base.py", line 516, in parse
    compiled_result = compile_func(self, token)
                      ^^^^^^^^^^^^^^^^^^^^^^^^^
  File "C:\Users\kotch\MOVELIKEAPYTHON\venv\Lib\site-packages\django\template\defaulttags.py", line 1097, in load
    lib = find_library(parser, name)
          ^^^^^^^^^^^^^^^^^^^^^^^^^^
  File "C:\Users\kotch\MOVELIKEAPYTHON\venv\Lib\site-packages\django\template\defaulttags.py", line 1037, in find_library
    raise TemplateSyntaxError(
django.template.exceptions.TemplateSyntaxError: 'currency_tags' is not a registered tag library. Must be one of:
admin_list
admin_modify
admin_urls
cache
cart_tags
i18n
l10n
log
rest_framework
static
tz
Internal Server Error: /plat/10/
Traceback (most recent call last):
  File "C:\Users\kotch\MOVELIKEAPYTHON\venv\Lib\site-packages\django\core\handlers\exception.py", line 55, in inner
    response = get_response(request)
               ^^^^^^^^^^^^^^^^^^^^^
  File "C:\Users\kotch\MOVELIKEAPYTHON\venv\Lib\site-packages\django\core\handlers\base.py", line 220, in _get_response
    response = response.render()
               ^^^^^^^^^^^^^^^^^
  File "C:\Users\kotch\MOVELIKEAPYTHON\venv\Lib\site-packages\django\template\response.py", line 114, in render
    self.content = self.rendered_content
                   ^^^^^^^^^^^^^^^^^^^^^
  File "C:\Users\kotch\MOVELIKEAPYTHON\venv\Lib\site-packages\django\template\response.py", line 90, in rendered_content
    template = self.resolve_template(self.template_name)
               ^^^^^^^^^^^^^^^^^^^^^^^^^^^^^^^^^^^^^^^^^
  File "C:\Users\kotch\MOVELIKEAPYTHON\venv\Lib\site-packages\django\template\response.py", line 72, in resolve_template
    return select_template(template, using=self.using)
           ^^^^^^^^^^^^^^^^^^^^^^^^^^^^^^^^^^^^^^^^^^^
  File "C:\Users\kotch\MOVELIKEAPYTHON\venv\Lib\site-packages\django\template\loader.py", line 42, in select_template
    return engine.get_template(template_name)
           ^^^^^^^^^^^^^^^^^^^^^^^^^^^^^^^^^^
  File "C:\Users\kotch\MOVELIKEAPYTHON\venv\Lib\site-packages\django\template\backends\django.py", line 79, in get_template
    return Template(self.engine.get_template(template_name), self)
                    ^^^^^^^^^^^^^^^^^^^^^^^^^^^^^^^^^^^^^^^
  File "C:\Users\kotch\MOVELIKEAPYTHON\venv\Lib\site-packages\django\template\engine.py", line 177, in get_template
    template, origin = self.find_template(template_name)
                       ^^^^^^^^^^^^^^^^^^^^^^^^^^^^^^^^^
  File "C:\Users\kotch\MOVELIKEAPYTHON\venv\Lib\site-packages\django\template\engine.py", line 159, in find_template
    template = loader.get_template(name, skip=skip)
               ^^^^^^^^^^^^^^^^^^^^^^^^^^^^^^^^^^^^
  File "C:\Users\kotch\MOVELIKEAPYTHON\venv\Lib\site-packages\django\template\loaders\cached.py", line 57, in get_template
    template = super().get_template(template_name, skip)
               ^^^^^^^^^^^^^^^^^^^^^^^^^^^^^^^^^^^^^^^^^
  File "C:\Users\kotch\MOVELIKEAPYTHON\venv\Lib\site-packages\django\template\loaders\base.py", line 28, in get_template
    return Template(
           ^^^^^^^^^
  File "C:\Users\kotch\MOVELIKEAPYTHON\venv\Lib\site-packages\django\template\base.py", line 154, in __init__
    self.nodelist = self.compile_nodelist()
                    ^^^^^^^^^^^^^^^^^^^^^^^
  File "C:\Users\kotch\MOVELIKEAPYTHON\venv\Lib\site-packages\django\template\base.py", line 196, in compile_nodelist
    nodelist = parser.parse()
               ^^^^^^^^^^^^^^
  File "C:\Users\kotch\MOVELIKEAPYTHON\venv\Lib\site-packages\django\template\base.py", line 518, in parse
    raise self.error(token, e)
  File "C:\Users\kotch\MOVELIKEAPYTHON\venv\Lib\site-packages\django\template\base.py", line 516, in parse
    compiled_result = compile_func(self, token)
                      ^^^^^^^^^^^^^^^^^^^^^^^^^
  File "C:\Users\kotch\MOVELIKEAPYTHON\venv\Lib\site-packages\django\template\loader_tags.py", line 299, in do_extends
    nodelist = parser.parse()
               ^^^^^^^^^^^^^^
  File "C:\Users\kotch\MOVELIKEAPYTHON\venv\Lib\site-packages\django\template\base.py", line 518, in parse
    raise self.error(token, e)
  File "C:\Users\kotch\MOVELIKEAPYTHON\venv\Lib\site-packages\django\template\base.py", line 516, in parse
    compiled_result = compile_func(self, token)
                      ^^^^^^^^^^^^^^^^^^^^^^^^^
  File "C:\Users\kotch\MOVELIKEAPYTHON\venv\Lib\site-packages\django\template\loader_tags.py", line 234, in do_block
    nodelist = parser.parse(("endblock",))
               ^^^^^^^^^^^^^^^^^^^^^^^^^^^
  File "C:\Users\kotch\MOVELIKEAPYTHON\venv\Lib\site-packages\django\template\base.py", line 489, in parse
    raise self.error(token, e)
  File "C:\Users\kotch\MOVELIKEAPYTHON\venv\Lib\site-packages\django\template\base.py", line 487, in parse
    filter_expression = self.compile_filter(token.contents)
                        ^^^^^^^^^^^^^^^^^^^^^^^^^^^^^^^^^^^
  File "C:\Users\kotch\MOVELIKEAPYTHON\venv\Lib\site-packages\django\template\base.py", line 609, in compile_filter
    return FilterExpression(token, self)
           ^^^^^^^^^^^^^^^^^^^^^^^^^^^^^
  File "C:\Users\kotch\MOVELIKEAPYTHON\venv\Lib\site-packages\django\template\base.py", line 705, in __init__
    filter_func = parser.find_filter(filter_name)
                  ^^^^^^^^^^^^^^^^^^^^^^^^^^^^^^^
  File "C:\Users\kotch\MOVELIKEAPYTHON\venv\Lib\site-packages\django\template\base.py", line 615, in find_filter
    raise TemplateSyntaxError("Invalid filter: '%s'" % filter_name)
django.template.exceptions.TemplateSyntaxError: Invalid filter: 'format_fcfa'
Internal Server Error: /plat/10/
Traceback (most recent call last):
  File "C:\Users\kotch\MOVELIKEAPYTHON\venv\Lib\site-packages\django\core\handlers\exception.py", line 55, in inner
    response = get_response(request)
               ^^^^^^^^^^^^^^^^^^^^^
  File "C:\Users\kotch\MOVELIKEAPYTHON\venv\Lib\site-packages\django\core\handlers\base.py", line 220, in _get_response
    response = response.render()
               ^^^^^^^^^^^^^^^^^
  File "C:\Users\kotch\MOVELIKEAPYTHON\venv\Lib\site-packages\django\template\response.py", line 114, in render
    self.content = self.rendered_content
                   ^^^^^^^^^^^^^^^^^^^^^
  File "C:\Users\kotch\MOVELIKEAPYTHON\venv\Lib\site-packages\django\template\response.py", line 90, in rendered_content
    template = self.resolve_template(self.template_name)
               ^^^^^^^^^^^^^^^^^^^^^^^^^^^^^^^^^^^^^^^^^
  File "C:\Users\kotch\MOVELIKEAPYTHON\venv\Lib\site-packages\django\template\response.py", line 72, in resolve_template
    return select_template(template, using=self.using)
           ^^^^^^^^^^^^^^^^^^^^^^^^^^^^^^^^^^^^^^^^^^^
  File "C:\Users\kotch\MOVELIKEAPYTHON\venv\Lib\site-packages\django\template\loader.py", line 42, in select_template
    return engine.get_template(template_name)
           ^^^^^^^^^^^^^^^^^^^^^^^^^^^^^^^^^^
  File "C:\Users\kotch\MOVELIKEAPYTHON\venv\Lib\site-packages\django\template\backends\django.py", line 79, in get_template
    return Template(self.engine.get_template(template_name), self)
                    ^^^^^^^^^^^^^^^^^^^^^^^^^^^^^^^^^^^^^^^
  File "C:\Users\kotch\MOVELIKEAPYTHON\venv\Lib\site-packages\django\template\engine.py", line 177, in get_template
    template, origin = self.find_template(template_name)
                       ^^^^^^^^^^^^^^^^^^^^^^^^^^^^^^^^^
  File "C:\Users\kotch\MOVELIKEAPYTHON\venv\Lib\site-packages\django\template\engine.py", line 159, in find_template
    template = loader.get_template(name, skip=skip)
               ^^^^^^^^^^^^^^^^^^^^^^^^^^^^^^^^^^^^
  File "C:\Users\kotch\MOVELIKEAPYTHON\venv\Lib\site-packages\django\template\loaders\cached.py", line 57, in get_template
    template = super().get_template(template_name, skip)
               ^^^^^^^^^^^^^^^^^^^^^^^^^^^^^^^^^^^^^^^^^
  File "C:\Users\kotch\MOVELIKEAPYTHON\venv\Lib\site-packages\django\template\loaders\base.py", line 28, in get_template
    return Template(
           ^^^^^^^^^
  File "C:\Users\kotch\MOVELIKEAPYTHON\venv\Lib\site-packages\django\template\base.py", line 154, in __init__
    self.nodelist = self.compile_nodelist()
                    ^^^^^^^^^^^^^^^^^^^^^^^
  File "C:\Users\kotch\MOVELIKEAPYTHON\venv\Lib\site-packages\django\template\base.py", line 196, in compile_nodelist
    nodelist = parser.parse()
               ^^^^^^^^^^^^^^
  File "C:\Users\kotch\MOVELIKEAPYTHON\venv\Lib\site-packages\django\template\base.py", line 518, in parse
    raise self.error(token, e)
  File "C:\Users\kotch\MOVELIKEAPYTHON\venv\Lib\site-packages\django\template\base.py", line 516, in parse
    compiled_result = compile_func(self, token)
                      ^^^^^^^^^^^^^^^^^^^^^^^^^
  File "C:\Users\kotch\MOVELIKEAPYTHON\venv\Lib\site-packages\django\template\loader_tags.py", line 299, in do_extends
    nodelist = parser.parse()
               ^^^^^^^^^^^^^^
  File "C:\Users\kotch\MOVELIKEAPYTHON\venv\Lib\site-packages\django\template\base.py", line 518, in parse
    raise self.error(token, e)
  File "C:\Users\kotch\MOVELIKEAPYTHON\venv\Lib\site-packages\django\template\base.py", line 516, in parse
    compiled_result = compile_func(self, token)
                      ^^^^^^^^^^^^^^^^^^^^^^^^^
  File "C:\Users\kotch\MOVELIKEAPYTHON\venv\Lib\site-packages\django\template\loader_tags.py", line 234, in do_block
    nodelist = parser.parse(("endblock",))
               ^^^^^^^^^^^^^^^^^^^^^^^^^^^
  File "C:\Users\kotch\MOVELIKEAPYTHON\venv\Lib\site-packages\django\template\base.py", line 489, in parse
    raise self.error(token, e)
  File "C:\Users\kotch\MOVELIKEAPYTHON\venv\Lib\site-packages\django\template\base.py", line 487, in parse
    filter_expression = self.compile_filter(token.contents)
                        ^^^^^^^^^^^^^^^^^^^^^^^^^^^^^^^^^^^
  File "C:\Users\kotch\MOVELIKEAPYTHON\venv\Lib\site-packages\django\template\base.py", line 609, in compile_filter
    return FilterExpression(token, self)
           ^^^^^^^^^^^^^^^^^^^^^^^^^^^^^
  File "C:\Users\kotch\MOVELIKEAPYTHON\venv\Lib\site-packages\django\template\base.py", line 705, in __init__
    filter_func = parser.find_filter(filter_name)
                  ^^^^^^^^^^^^^^^^^^^^^^^^^^^^^^^
  File "C:\Users\kotch\MOVELIKEAPYTHON\venv\Lib\site-packages\django\template\base.py", line 615, in find_filter
    raise TemplateSyntaxError("Invalid filter: '%s'" % filter_name)
django.template.exceptions.TemplateSyntaxError: Invalid filter: 'format_fcfa'
Internal Server Error: /plat/10/
Traceback (most recent call last):
  File "C:\Users\kotch\MOVELIKEAPYTHON\venv\Lib\site-packages\django\core\handlers\exception.py", line 55, in inner
    response = get_response(request)
               ^^^^^^^^^^^^^^^^^^^^^
  File "C:\Users\kotch\MOVELIKEAPYTHON\venv\Lib\site-packages\django\core\handlers\base.py", line 220, in _get_response
    response = response.render()
               ^^^^^^^^^^^^^^^^^
  File "C:\Users\kotch\MOVELIKEAPYTHON\venv\Lib\site-packages\django\template\response.py", line 114, in render
    self.content = self.rendered_content
                   ^^^^^^^^^^^^^^^^^^^^^
  File "C:\Users\kotch\MOVELIKEAPYTHON\venv\Lib\site-packages\django\template\response.py", line 90, in rendered_content
    template = self.resolve_template(self.template_name)
               ^^^^^^^^^^^^^^^^^^^^^^^^^^^^^^^^^^^^^^^^^
  File "C:\Users\kotch\MOVELIKEAPYTHON\venv\Lib\site-packages\django\template\response.py", line 72, in resolve_template
    return select_template(template, using=self.using)
           ^^^^^^^^^^^^^^^^^^^^^^^^^^^^^^^^^^^^^^^^^^^
  File "C:\Users\kotch\MOVELIKEAPYTHON\venv\Lib\site-packages\django\template\loader.py", line 42, in select_template
    return engine.get_template(template_name)
           ^^^^^^^^^^^^^^^^^^^^^^^^^^^^^^^^^^
  File "C:\Users\kotch\MOVELIKEAPYTHON\venv\Lib\site-packages\django\template\backends\django.py", line 79, in get_template
    return Template(self.engine.get_template(template_name), self)
                    ^^^^^^^^^^^^^^^^^^^^^^^^^^^^^^^^^^^^^^^
  File "C:\Users\kotch\MOVELIKEAPYTHON\venv\Lib\site-packages\django\template\engine.py", line 177, in get_template
    template, origin = self.find_template(template_name)
                       ^^^^^^^^^^^^^^^^^^^^^^^^^^^^^^^^^
  File "C:\Users\kotch\MOVELIKEAPYTHON\venv\Lib\site-packages\django\template\engine.py", line 159, in find_template
    template = loader.get_template(name, skip=skip)
               ^^^^^^^^^^^^^^^^^^^^^^^^^^^^^^^^^^^^
  File "C:\Users\kotch\MOVELIKEAPYTHON\venv\Lib\site-packages\django\template\loaders\cached.py", line 57, in get_template
    template = super().get_template(template_name, skip)
               ^^^^^^^^^^^^^^^^^^^^^^^^^^^^^^^^^^^^^^^^^
  File "C:\Users\kotch\MOVELIKEAPYTHON\venv\Lib\site-packages\django\template\loaders\base.py", line 28, in get_template
    return Template(
           ^^^^^^^^^
  File "C:\Users\kotch\MOVELIKEAPYTHON\venv\Lib\site-packages\django\template\base.py", line 154, in __init__
    self.nodelist = self.compile_nodelist()
                    ^^^^^^^^^^^^^^^^^^^^^^^
  File "C:\Users\kotch\MOVELIKEAPYTHON\venv\Lib\site-packages\django\template\base.py", line 196, in compile_nodelist
    nodelist = parser.parse()
               ^^^^^^^^^^^^^^
  File "C:\Users\kotch\MOVELIKEAPYTHON\venv\Lib\site-packages\django\template\base.py", line 518, in parse
    raise self.error(token, e)
  File "C:\Users\kotch\MOVELIKEAPYTHON\venv\Lib\site-packages\django\template\base.py", line 516, in parse
    compiled_result = compile_func(self, token)
                      ^^^^^^^^^^^^^^^^^^^^^^^^^
  File "C:\Users\kotch\MOVELIKEAPYTHON\venv\Lib\site-packages\django\template\loader_tags.py", line 299, in do_extends
    nodelist = parser.parse()
               ^^^^^^^^^^^^^^
  File "C:\Users\kotch\MOVELIKEAPYTHON\venv\Lib\site-packages\django\template\base.py", line 518, in parse
    raise self.error(token, e)
  File "C:\Users\kotch\MOVELIKEAPYTHON\venv\Lib\site-packages\django\template\base.py", line 516, in parse
    compiled_result = compile_func(self, token)
                      ^^^^^^^^^^^^^^^^^^^^^^^^^
  File "C:\Users\kotch\MOVELIKEAPYTHON\venv\Lib\site-packages\django\template\loader_tags.py", line 234, in do_block
    nodelist = parser.parse(("endblock",))
               ^^^^^^^^^^^^^^^^^^^^^^^^^^^
  File "C:\Users\kotch\MOVELIKEAPYTHON\venv\Lib\site-packages\django\template\base.py", line 489, in parse
    raise self.error(token, e)
  File "C:\Users\kotch\MOVELIKEAPYTHON\venv\Lib\site-packages\django\template\base.py", line 487, in parse
    filter_expression = self.compile_filter(token.contents)
                        ^^^^^^^^^^^^^^^^^^^^^^^^^^^^^^^^^^^
  File "C:\Users\kotch\MOVELIKEAPYTHON\venv\Lib\site-packages\django\template\base.py", line 609, in compile_filter
    return FilterExpression(token, self)
           ^^^^^^^^^^^^^^^^^^^^^^^^^^^^^
  File "C:\Users\kotch\MOVELIKEAPYTHON\venv\Lib\site-packages\django\template\base.py", line 705, in __init__
    filter_func = parser.find_filter(filter_name)
                  ^^^^^^^^^^^^^^^^^^^^^^^^^^^^^^^
  File "C:\Users\kotch\MOVELIKEAPYTHON\venv\Lib\site-packages\django\template\base.py", line 615, in find_filter
    raise TemplateSyntaxError("Invalid filter: '%s'" % filter_name)
django.template.exceptions.TemplateSyntaxError: Invalid filter: 'format_fcfa'
Internal Server Error: /plat/10/
Traceback (most recent call last):
  File "C:\Users\kotch\MOVELIKEAPYTHON\venv\Lib\site-packages\django\template\defaulttags.py", line 1035, in find_library
    return parser.libraries[name]
           ~~~~~~~~~~~~~~~~^^^^^^
KeyError: 'currency_tags'

During handling of the above exception, another exception occurred:

Traceback (most recent call last):
  File "C:\Users\kotch\MOVELIKEAPYTHON\venv\Lib\site-packages\django\core\handlers\exception.py", line 55, in inner
    response = get_response(request)
               ^^^^^^^^^^^^^^^^^^^^^
  File "C:\Users\kotch\MOVELIKEAPYTHON\venv\Lib\site-packages\django\core\handlers\base.py", line 220, in _get_response
    response = response.render()
               ^^^^^^^^^^^^^^^^^
  File "C:\Users\kotch\MOVELIKEAPYTHON\venv\Lib\site-packages\django\template\response.py", line 114, in render
    self.content = self.rendered_content
                   ^^^^^^^^^^^^^^^^^^^^^
  File "C:\Users\kotch\MOVELIKEAPYTHON\venv\Lib\site-packages\django\template\response.py", line 90, in rendered_content
    template = self.resolve_template(self.template_name)
               ^^^^^^^^^^^^^^^^^^^^^^^^^^^^^^^^^^^^^^^^^
  File "C:\Users\kotch\MOVELIKEAPYTHON\venv\Lib\site-packages\django\template\response.py", line 72, in resolve_template
    return select_template(template, using=self.using)
           ^^^^^^^^^^^^^^^^^^^^^^^^^^^^^^^^^^^^^^^^^^^
  File "C:\Users\kotch\MOVELIKEAPYTHON\venv\Lib\site-packages\django\template\loader.py", line 42, in select_template
    return engine.get_template(template_name)
           ^^^^^^^^^^^^^^^^^^^^^^^^^^^^^^^^^^
  File "C:\Users\kotch\MOVELIKEAPYTHON\venv\Lib\site-packages\django\template\backends\django.py", line 79, in get_template
    return Template(self.engine.get_template(template_name), self)
                    ^^^^^^^^^^^^^^^^^^^^^^^^^^^^^^^^^^^^^^^
  File "C:\Users\kotch\MOVELIKEAPYTHON\venv\Lib\site-packages\django\template\engine.py", line 177, in get_template
    template, origin = self.find_template(template_name)
                       ^^^^^^^^^^^^^^^^^^^^^^^^^^^^^^^^^
  File "C:\Users\kotch\MOVELIKEAPYTHON\venv\Lib\site-packages\django\template\engine.py", line 159, in find_template
    template = loader.get_template(name, skip=skip)
               ^^^^^^^^^^^^^^^^^^^^^^^^^^^^^^^^^^^^
  File "C:\Users\kotch\MOVELIKEAPYTHON\venv\Lib\site-packages\django\template\loaders\cached.py", line 57, in get_template
    template = super().get_template(template_name, skip)
               ^^^^^^^^^^^^^^^^^^^^^^^^^^^^^^^^^^^^^^^^^
  File "C:\Users\kotch\MOVELIKEAPYTHON\venv\Lib\site-packages\django\template\loaders\base.py", line 28, in get_template
    return Template(
           ^^^^^^^^^
  File "C:\Users\kotch\MOVELIKEAPYTHON\venv\Lib\site-packages\django\template\base.py", line 154, in __init__
    self.nodelist = self.compile_nodelist()
                    ^^^^^^^^^^^^^^^^^^^^^^^
  File "C:\Users\kotch\MOVELIKEAPYTHON\venv\Lib\site-packages\django\template\base.py", line 196, in compile_nodelist
    nodelist = parser.parse()
               ^^^^^^^^^^^^^^
  File "C:\Users\kotch\MOVELIKEAPYTHON\venv\Lib\site-packages\django\template\base.py", line 518, in parse
    raise self.error(token, e)
  File "C:\Users\kotch\MOVELIKEAPYTHON\venv\Lib\site-packages\django\template\base.py", line 516, in parse
    compiled_result = compile_func(self, token)
                      ^^^^^^^^^^^^^^^^^^^^^^^^^
  File "C:\Users\kotch\MOVELIKEAPYTHON\venv\Lib\site-packages\django\template\loader_tags.py", line 299, in do_extends
    nodelist = parser.parse()
               ^^^^^^^^^^^^^^
  File "C:\Users\kotch\MOVELIKEAPYTHON\venv\Lib\site-packages\django\template\base.py", line 518, in parse
    raise self.error(token, e)
  File "C:\Users\kotch\MOVELIKEAPYTHON\venv\Lib\site-packages\django\template\base.py", line 516, in parse
    compiled_result = compile_func(self, token)
                      ^^^^^^^^^^^^^^^^^^^^^^^^^
  File "C:\Users\kotch\MOVELIKEAPYTHON\venv\Lib\site-packages\django\template\defaulttags.py", line 1097, in load
    lib = find_library(parser, name)
          ^^^^^^^^^^^^^^^^^^^^^^^^^^
  File "C:\Users\kotch\MOVELIKEAPYTHON\venv\Lib\site-packages\django\template\defaulttags.py", line 1037, in find_library
    raise TemplateSyntaxError(
django.template.exceptions.TemplateSyntaxError: 'currency_tags' is not a registered tag library. Must be one of:
admin_list
admin_modify
admin_urls
cache
cart_tags
i18n
l10n
log
rest_framework
static
tz
Internal Server Error: /plat/10/
Traceback (most recent call last):
  File "C:\Users\kotch\MOVELIKEAPYTHON\venv\Lib\site-packages\django\template\defaulttags.py", line 1035, in find_library
    return parser.libraries[name]
           ~~~~~~~~~~~~~~~~^^^^^^
KeyError: 'currency_tags'

During handling of the above exception, another exception occurred:

Traceback (most recent call last):
  File "C:\Users\kotch\MOVELIKEAPYTHON\venv\Lib\site-packages\django\core\handlers\exception.py", line 55, in inner
    response = get_response(request)
               ^^^^^^^^^^^^^^^^^^^^^
  File "C:\Users\kotch\MOVELIKEAPYTHON\venv\Lib\site-packages\django\core\handlers\base.py", line 220, in _get_response
    response = response.render()
               ^^^^^^^^^^^^^^^^^
  File "C:\Users\kotch\MOVELIKEAPYTHON\venv\Lib\site-packages\django\template\response.py", line 114, in render
    self.content = self.rendered_content
                   ^^^^^^^^^^^^^^^^^^^^^
  File "C:\Users\kotch\MOVELIKEAPYTHON\venv\Lib\site-packages\django\template\response.py", line 90, in rendered_content
    template = self.resolve_template(self.template_name)
               ^^^^^^^^^^^^^^^^^^^^^^^^^^^^^^^^^^^^^^^^^
  File "C:\Users\kotch\MOVELIKEAPYTHON\venv\Lib\site-packages\django\template\response.py", line 72, in resolve_template
    return select_template(template, using=self.using)
           ^^^^^^^^^^^^^^^^^^^^^^^^^^^^^^^^^^^^^^^^^^^
  File "C:\Users\kotch\MOVELIKEAPYTHON\venv\Lib\site-packages\django\template\loader.py", line 42, in select_template
    return engine.get_template(template_name)
           ^^^^^^^^^^^^^^^^^^^^^^^^^^^^^^^^^^
  File "C:\Users\kotch\MOVELIKEAPYTHON\venv\Lib\site-packages\django\template\backends\django.py", line 79, in get_template
    return Template(self.engine.get_template(template_name), self)
                    ^^^^^^^^^^^^^^^^^^^^^^^^^^^^^^^^^^^^^^^
  File "C:\Users\kotch\MOVELIKEAPYTHON\venv\Lib\site-packages\django\template\engine.py", line 177, in get_template
    template, origin = self.find_template(template_name)
                       ^^^^^^^^^^^^^^^^^^^^^^^^^^^^^^^^^
  File "C:\Users\kotch\MOVELIKEAPYTHON\venv\Lib\site-packages\django\template\engine.py", line 159, in find_template
    template = loader.get_template(name, skip=skip)
               ^^^^^^^^^^^^^^^^^^^^^^^^^^^^^^^^^^^^
  File "C:\Users\kotch\MOVELIKEAPYTHON\venv\Lib\site-packages\django\template\loaders\cached.py", line 57, in get_template
    template = super().get_template(template_name, skip)
               ^^^^^^^^^^^^^^^^^^^^^^^^^^^^^^^^^^^^^^^^^
  File "C:\Users\kotch\MOVELIKEAPYTHON\venv\Lib\site-packages\django\template\loaders\base.py", line 28, in get_template
    return Template(
           ^^^^^^^^^
  File "C:\Users\kotch\MOVELIKEAPYTHON\venv\Lib\site-packages\django\template\base.py", line 154, in __init__
    self.nodelist = self.compile_nodelist()
                    ^^^^^^^^^^^^^^^^^^^^^^^
  File "C:\Users\kotch\MOVELIKEAPYTHON\venv\Lib\site-packages\django\template\base.py", line 196, in compile_nodelist
    nodelist = parser.parse()
               ^^^^^^^^^^^^^^
  File "C:\Users\kotch\MOVELIKEAPYTHON\venv\Lib\site-packages\django\template\base.py", line 518, in parse
    raise self.error(token, e)
  File "C:\Users\kotch\MOVELIKEAPYTHON\venv\Lib\site-packages\django\template\base.py", line 516, in parse
    compiled_result = compile_func(self, token)
                      ^^^^^^^^^^^^^^^^^^^^^^^^^
  File "C:\Users\kotch\MOVELIKEAPYTHON\venv\Lib\site-packages\django\template\loader_tags.py", line 299, in do_extends
    nodelist = parser.parse()
               ^^^^^^^^^^^^^^
  File "C:\Users\kotch\MOVELIKEAPYTHON\venv\Lib\site-packages\django\template\base.py", line 518, in parse
    raise self.error(token, e)
  File "C:\Users\kotch\MOVELIKEAPYTHON\venv\Lib\site-packages\django\template\base.py", line 516, in parse
    compiled_result = compile_func(self, token)
                      ^^^^^^^^^^^^^^^^^^^^^^^^^
  File "C:\Users\kotch\MOVELIKEAPYTHON\venv\Lib\site-packages\django\template\defaulttags.py", line 1097, in load
    lib = find_library(parser, name)
          ^^^^^^^^^^^^^^^^^^^^^^^^^^
  File "C:\Users\kotch\MOVELIKEAPYTHON\venv\Lib\site-packages\django\template\defaulttags.py", line 1037, in find_library
    raise TemplateSyntaxError(
django.template.exceptions.TemplateSyntaxError: 'currency_tags' is not a registered tag library. Must be one of:
admin_list
admin_modify
admin_urls
cache
cart_tags
i18n
l10n
log
rest_framework
static
tz
Internal Server Error: /plat/10/
Traceback (most recent call last):
  File "C:\Users\kotch\MOVELIKEAPYTHON\venv\Lib\site-packages\django\template\defaulttags.py", line 1035, in find_library
    return parser.libraries[name]
           ~~~~~~~~~~~~~~~~^^^^^^
KeyError: 'currency_tags'

During handling of the above exception, another exception occurred:

Traceback (most recent call last):
  File "C:\Users\kotch\MOVELIKEAPYTHON\venv\Lib\site-packages\django\core\handlers\exception.py", line 55, in inner
    response = get_response(request)
               ^^^^^^^^^^^^^^^^^^^^^
  File "C:\Users\kotch\MOVELIKEAPYTHON\venv\Lib\site-packages\django\core\handlers\base.py", line 220, in _get_response
    response = response.render()
               ^^^^^^^^^^^^^^^^^
  File "C:\Users\kotch\MOVELIKEAPYTHON\venv\Lib\site-packages\django\template\response.py", line 114, in render
    self.content = self.rendered_content
                   ^^^^^^^^^^^^^^^^^^^^^
  File "C:\Users\kotch\MOVELIKEAPYTHON\venv\Lib\site-packages\django\template\response.py", line 90, in rendered_content
    template = self.resolve_template(self.template_name)
               ^^^^^^^^^^^^^^^^^^^^^^^^^^^^^^^^^^^^^^^^^
  File "C:\Users\kotch\MOVELIKEAPYTHON\venv\Lib\site-packages\django\template\response.py", line 72, in resolve_template
    return select_template(template, using=self.using)
           ^^^^^^^^^^^^^^^^^^^^^^^^^^^^^^^^^^^^^^^^^^^
  File "C:\Users\kotch\MOVELIKEAPYTHON\venv\Lib\site-packages\django\template\loader.py", line 42, in select_template
    return engine.get_template(template_name)
           ^^^^^^^^^^^^^^^^^^^^^^^^^^^^^^^^^^
  File "C:\Users\kotch\MOVELIKEAPYTHON\venv\Lib\site-packages\django\template\backends\django.py", line 79, in get_template
    return Template(self.engine.get_template(template_name), self)
                    ^^^^^^^^^^^^^^^^^^^^^^^^^^^^^^^^^^^^^^^
  File "C:\Users\kotch\MOVELIKEAPYTHON\venv\Lib\site-packages\django\template\engine.py", line 177, in get_template
    template, origin = self.find_template(template_name)
                       ^^^^^^^^^^^^^^^^^^^^^^^^^^^^^^^^^
  File "C:\Users\kotch\MOVELIKEAPYTHON\venv\Lib\site-packages\django\template\engine.py", line 159, in find_template
    template = loader.get_template(name, skip=skip)
               ^^^^^^^^^^^^^^^^^^^^^^^^^^^^^^^^^^^^
  File "C:\Users\kotch\MOVELIKEAPYTHON\venv\Lib\site-packages\django\template\loaders\cached.py", line 57, in get_template
    template = super().get_template(template_name, skip)
               ^^^^^^^^^^^^^^^^^^^^^^^^^^^^^^^^^^^^^^^^^
  File "C:\Users\kotch\MOVELIKEAPYTHON\venv\Lib\site-packages\django\template\loaders\base.py", line 28, in get_template
    return Template(
           ^^^^^^^^^
  File "C:\Users\kotch\MOVELIKEAPYTHON\venv\Lib\site-packages\django\template\base.py", line 154, in __init__
    self.nodelist = self.compile_nodelist()
                    ^^^^^^^^^^^^^^^^^^^^^^^
  File "C:\Users\kotch\MOVELIKEAPYTHON\venv\Lib\site-packages\django\template\base.py", line 196, in compile_nodelist
    nodelist = parser.parse()
               ^^^^^^^^^^^^^^
  File "C:\Users\kotch\MOVELIKEAPYTHON\venv\Lib\site-packages\django\template\base.py", line 518, in parse
    raise self.error(token, e)
  File "C:\Users\kotch\MOVELIKEAPYTHON\venv\Lib\site-packages\django\template\base.py", line 516, in parse
    compiled_result = compile_func(self, token)
                      ^^^^^^^^^^^^^^^^^^^^^^^^^
  File "C:\Users\kotch\MOVELIKEAPYTHON\venv\Lib\site-packages\django\template\loader_tags.py", line 299, in do_extends
    nodelist = parser.parse()
               ^^^^^^^^^^^^^^
  File "C:\Users\kotch\MOVELIKEAPYTHON\venv\Lib\site-packages\django\template\base.py", line 518, in parse
    raise self.error(token, e)
  File "C:\Users\kotch\MOVELIKEAPYTHON\venv\Lib\site-packages\django\template\base.py", line 516, in parse
    compiled_result = compile_func(self, token)
                      ^^^^^^^^^^^^^^^^^^^^^^^^^
  File "C:\Users\kotch\MOVELIKEAPYTHON\venv\Lib\site-packages\django\template\defaulttags.py", line 1097, in load
    lib = find_library(parser, name)
          ^^^^^^^^^^^^^^^^^^^^^^^^^^
  File "C:\Users\kotch\MOVELIKEAPYTHON\venv\Lib\site-packages\django\template\defaulttags.py", line 1037, in find_library
    raise TemplateSyntaxError(
django.template.exceptions.TemplateSyntaxError: 'currency_tags' is not a registered tag library. Must be one of:
admin_list
admin_modify
admin_urls
cache
cart_tags
i18n
l10n
log
rest_framework
static
tz
Internal Server Error: /plat/10/
Traceback (most recent call last):
  File "C:\Users\kotch\MOVELIKEAPYTHON\venv\Lib\site-packages\django\template\defaulttags.py", line 1035, in find_library
    return parser.libraries[name]
           ~~~~~~~~~~~~~~~~^^^^^^
KeyError: 'currency_tags'

During handling of the above exception, another exception occurred:

Traceback (most recent call last):
  File "C:\Users\kotch\MOVELIKEAPYTHON\venv\Lib\site-packages\django\core\handlers\exception.py", line 55, in inner
    response = get_response(request)
               ^^^^^^^^^^^^^^^^^^^^^
  File "C:\Users\kotch\MOVELIKEAPYTHON\venv\Lib\site-packages\django\core\handlers\base.py", line 220, in _get_response
    response = response.render()
               ^^^^^^^^^^^^^^^^^
  File "C:\Users\kotch\MOVELIKEAPYTHON\venv\Lib\site-packages\django\template\response.py", line 114, in render
    self.content = self.rendered_content
                   ^^^^^^^^^^^^^^^^^^^^^
  File "C:\Users\kotch\MOVELIKEAPYTHON\venv\Lib\site-packages\django\template\response.py", line 90, in rendered_content
    template = self.resolve_template(self.template_name)
               ^^^^^^^^^^^^^^^^^^^^^^^^^^^^^^^^^^^^^^^^^
  File "C:\Users\kotch\MOVELIKEAPYTHON\venv\Lib\site-packages\django\template\response.py", line 72, in resolve_template
    return select_template(template, using=self.using)
           ^^^^^^^^^^^^^^^^^^^^^^^^^^^^^^^^^^^^^^^^^^^
  File "C:\Users\kotch\MOVELIKEAPYTHON\venv\Lib\site-packages\django\template\loader.py", line 42, in select_template
    return engine.get_template(template_name)
           ^^^^^^^^^^^^^^^^^^^^^^^^^^^^^^^^^^
  File "C:\Users\kotch\MOVELIKEAPYTHON\venv\Lib\site-packages\django\template\backends\django.py", line 79, in get_template
    return Template(self.engine.get_template(template_name), self)
                    ^^^^^^^^^^^^^^^^^^^^^^^^^^^^^^^^^^^^^^^
  File "C:\Users\kotch\MOVELIKEAPYTHON\venv\Lib\site-packages\django\template\engine.py", line 177, in get_template
    template, origin = self.find_template(template_name)
                       ^^^^^^^^^^^^^^^^^^^^^^^^^^^^^^^^^
  File "C:\Users\kotch\MOVELIKEAPYTHON\venv\Lib\site-packages\django\template\engine.py", line 159, in find_template
    template = loader.get_template(name, skip=skip)
               ^^^^^^^^^^^^^^^^^^^^^^^^^^^^^^^^^^^^
  File "C:\Users\kotch\MOVELIKEAPYTHON\venv\Lib\site-packages\django\template\loaders\cached.py", line 57, in get_template
    template = super().get_template(template_name, skip)
               ^^^^^^^^^^^^^^^^^^^^^^^^^^^^^^^^^^^^^^^^^
  File "C:\Users\kotch\MOVELIKEAPYTHON\venv\Lib\site-packages\django\template\loaders\base.py", line 28, in get_template
    return Template(
           ^^^^^^^^^
  File "C:\Users\kotch\MOVELIKEAPYTHON\venv\Lib\site-packages\django\template\base.py", line 154, in __init__
    self.nodelist = self.compile_nodelist()
                    ^^^^^^^^^^^^^^^^^^^^^^^
  File "C:\Users\kotch\MOVELIKEAPYTHON\venv\Lib\site-packages\django\template\base.py", line 196, in compile_nodelist
    nodelist = parser.parse()
               ^^^^^^^^^^^^^^
  File "C:\Users\kotch\MOVELIKEAPYTHON\venv\Lib\site-packages\django\template\base.py", line 518, in parse
    raise self.error(token, e)
  File "C:\Users\kotch\MOVELIKEAPYTHON\venv\Lib\site-packages\django\template\base.py", line 516, in parse
    compiled_result = compile_func(self, token)
                      ^^^^^^^^^^^^^^^^^^^^^^^^^
  File "C:\Users\kotch\MOVELIKEAPYTHON\venv\Lib\site-packages\django\template\loader_tags.py", line 299, in do_extends
    nodelist = parser.parse()
               ^^^^^^^^^^^^^^
  File "C:\Users\kotch\MOVELIKEAPYTHON\venv\Lib\site-packages\django\template\base.py", line 518, in parse
    raise self.error(token, e)
  File "C:\Users\kotch\MOVELIKEAPYTHON\venv\Lib\site-packages\django\template\base.py", line 516, in parse
    compiled_result = compile_func(self, token)
                      ^^^^^^^^^^^^^^^^^^^^^^^^^
  File "C:\Users\kotch\MOVELIKEAPYTHON\venv\Lib\site-packages\django\template\defaulttags.py", line 1097, in load
    lib = find_library(parser, name)
          ^^^^^^^^^^^^^^^^^^^^^^^^^^
  File "C:\Users\kotch\MOVELIKEAPYTHON\venv\Lib\site-packages\django\template\defaulttags.py", line 1037, in find_library
    raise TemplateSyntaxError(
django.template.exceptions.TemplateSyntaxError: 'currency_tags' is not a registered tag library. Must be one of:
admin_list
admin_modify
admin_urls
cache
cart_tags
i18n
l10n
log
rest_framework
static
tz
Internal Server Error: /plat/10/
Traceback (most recent call last):
  File "C:\Users\kotch\MOVELIKEAPYTHON\venv\Lib\site-packages\django\template\defaulttags.py", line 1035, in find_library
    return parser.libraries[name]
           ~~~~~~~~~~~~~~~~^^^^^^
KeyError: 'currency_tags'

During handling of the above exception, another exception occurred:

Traceback (most recent call last):
  File "C:\Users\kotch\MOVELIKEAPYTHON\venv\Lib\site-packages\django\core\handlers\exception.py", line 55, in inner
    response = get_response(request)
               ^^^^^^^^^^^^^^^^^^^^^
  File "C:\Users\kotch\MOVELIKEAPYTHON\venv\Lib\site-packages\django\core\handlers\base.py", line 220, in _get_response
    response = response.render()
               ^^^^^^^^^^^^^^^^^
  File "C:\Users\kotch\MOVELIKEAPYTHON\venv\Lib\site-packages\django\template\response.py", line 114, in render
    self.content = self.rendered_content
                   ^^^^^^^^^^^^^^^^^^^^^
  File "C:\Users\kotch\MOVELIKEAPYTHON\venv\Lib\site-packages\django\template\response.py", line 90, in rendered_content
    template = self.resolve_template(self.template_name)
               ^^^^^^^^^^^^^^^^^^^^^^^^^^^^^^^^^^^^^^^^^
  File "C:\Users\kotch\MOVELIKEAPYTHON\venv\Lib\site-packages\django\template\response.py", line 72, in resolve_template
    return select_template(template, using=self.using)
           ^^^^^^^^^^^^^^^^^^^^^^^^^^^^^^^^^^^^^^^^^^^
  File "C:\Users\kotch\MOVELIKEAPYTHON\venv\Lib\site-packages\django\template\loader.py", line 42, in select_template
    return engine.get_template(template_name)
           ^^^^^^^^^^^^^^^^^^^^^^^^^^^^^^^^^^
  File "C:\Users\kotch\MOVELIKEAPYTHON\venv\Lib\site-packages\django\template\backends\django.py", line 79, in get_template
    return Template(self.engine.get_template(template_name), self)
                    ^^^^^^^^^^^^^^^^^^^^^^^^^^^^^^^^^^^^^^^
  File "C:\Users\kotch\MOVELIKEAPYTHON\venv\Lib\site-packages\django\template\engine.py", line 177, in get_template
    template, origin = self.find_template(template_name)
                       ^^^^^^^^^^^^^^^^^^^^^^^^^^^^^^^^^
  File "C:\Users\kotch\MOVELIKEAPYTHON\venv\Lib\site-packages\django\template\engine.py", line 159, in find_template
    template = loader.get_template(name, skip=skip)
               ^^^^^^^^^^^^^^^^^^^^^^^^^^^^^^^^^^^^
  File "C:\Users\kotch\MOVELIKEAPYTHON\venv\Lib\site-packages\django\template\loaders\cached.py", line 57, in get_template
    template = super().get_template(template_name, skip)
               ^^^^^^^^^^^^^^^^^^^^^^^^^^^^^^^^^^^^^^^^^
  File "C:\Users\kotch\MOVELIKEAPYTHON\venv\Lib\site-packages\django\template\loaders\base.py", line 28, in get_template
    return Template(
           ^^^^^^^^^
  File "C:\Users\kotch\MOVELIKEAPYTHON\venv\Lib\site-packages\django\template\base.py", line 154, in __init__
    self.nodelist = self.compile_nodelist()
                    ^^^^^^^^^^^^^^^^^^^^^^^
  File "C:\Users\kotch\MOVELIKEAPYTHON\venv\Lib\site-packages\django\template\base.py", line 196, in compile_nodelist
    nodelist = parser.parse()
               ^^^^^^^^^^^^^^
  File "C:\Users\kotch\MOVELIKEAPYTHON\venv\Lib\site-packages\django\template\base.py", line 518, in parse
    raise self.error(token, e)
  File "C:\Users\kotch\MOVELIKEAPYTHON\venv\Lib\site-packages\django\template\base.py", line 516, in parse
    compiled_result = compile_func(self, token)
                      ^^^^^^^^^^^^^^^^^^^^^^^^^
  File "C:\Users\kotch\MOVELIKEAPYTHON\venv\Lib\site-packages\django\template\loader_tags.py", line 299, in do_extends
    nodelist = parser.parse()
               ^^^^^^^^^^^^^^
  File "C:\Users\kotch\MOVELIKEAPYTHON\venv\Lib\site-packages\django\template\base.py", line 518, in parse
    raise self.error(token, e)
  File "C:\Users\kotch\MOVELIKEAPYTHON\venv\Lib\site-packages\django\template\base.py", line 516, in parse
    compiled_result = compile_func(self, token)
                      ^^^^^^^^^^^^^^^^^^^^^^^^^
  File "C:\Users\kotch\MOVELIKEAPYTHON\venv\Lib\site-packages\django\template\defaulttags.py", line 1097, in load
    lib = find_library(parser, name)
          ^^^^^^^^^^^^^^^^^^^^^^^^^^
  File "C:\Users\kotch\MOVELIKEAPYTHON\venv\Lib\site-packages\django\template\defaulttags.py", line 1037, in find_library
    raise TemplateSyntaxError(
django.template.exceptions.TemplateSyntaxError: 'currency_tags' is not a registered tag library. Must be one of:
admin_list
admin_modify
admin_urls
cache
cart_tags
i18n
l10n
log
rest_framework
static
tz
C:\Users\kotch\MOVELIKEAPYTHON\restaurant_project\restaurant\views.py changed, reloading.
Watching for file changes with StatReloader
C:\Users\kotch\MOVELIKEAPYTHON\restaurant_project\restaurant\urls.py changed, reloading.
Watching for file changes with StatReloader
C:\Users\kotch\MOVELIKEAPYTHON\restaurant_project\restaurant\urls.py changed, reloading.
Watching for file changes with StatReloader
C:\Users\kotch\MOVELIKEAPYTHON\restaurant_project\restaurant\views.py changed, reloading.
Watching for file changes with StatReloader
Not Found: /images/bg_2.png
Not Found: /images/about.jpg
Not Found: /images/pizza-1.jpg
Not Found: /images/pizza-6.jpg
Not Found: /images/pizza-2.jpg
Not Found: /images/pizza-3.jpg
Not Found: /images/pizza-4.jpg
Not Found: /images/bg_1.jpg
Not Found: /images/pizza-5.jpg
Not Found: /images/pizza-7.jpg
Not Found: /images/bg_2.jpg
Not Found: /images/bg_3.jpg
Not Found: /images/gallery-3.jpg
Not Found: /images/gallery-2.jpg
Not Found: /images/pizza-8.jpg
Not Found: /images/gallery-1.jpg
Not Found: /images/image_1.jpg
Not Found: /images/gallery-4.jpg
Not Found: /images/bg_2.png
Not Found: /images/image_3.jpg
Not Found: /images/image_2.jpg
Watching for file changes with StatReloader
Not Found: /images/bg_2.png
Not Found: /images/about.jpg
Not Found: /images/pizza-1.jpg
Not Found: /images/pizza-2.jpg
Not Found: /images/pizza-6.jpg
Not Found: /images/pizza-7.jpg
Not Found: /images/pizza-3.jpg
Not Found: /images/pizza-4.jpg
Not Found: /images/pizza-5.jpg
Not Found: /images/pizza-8.jpg
Not Found: /images/gallery-3.jpg
Not Found: /images/gallery-1.jpg
Not Found: /images/gallery-2.jpg
Not Found: /images/gallery-4.jpg
Not Found: /images/bg_2.jpg
Not Found: /images/image_1.jpg
Not Found: /images/image_2.jpg
Not Found: /images/image_3.jpg
Not Found: /images/bg_1.jpg
Not Found: /images/bg_3.jpg
Not Found: /images/bg_2.png
Not Found: /images/bg_2.png
Not Found: /images/about.jpg
Not Found: /images/pizza-1.jpg
Not Found: /images/pizza-2.jpg
Not Found: /images/pizza-6.jpg
Not Found: /images/pizza-3.jpg
Not Found: /images/pizza-4.jpg
Not Found: /images/pizza-7.jpg
Not Found: /images/pizza-5.jpg
Not Found: /images/bg_1.jpg
Not Found: /images/bg_3.jpg
Not Found: /images/bg_2.jpg
Not Found: /images/gallery-2.jpg
Not Found: /images/gallery-4.jpg
Not Found: /images/image_1.jpg
Not Found: /images/gallery-3.jpg
Not Found: /images/gallery-1.jpg
Not Found: /images/pizza-8.jpg
Not Found: /images/image_2.jpg
Not Found: /images/image_3.jpg
Not Found: /images/bg_2.png
Not Found: /images/bg_2.png
Not Found: /images/about.jpg
Not Found: /images/pizza-1.jpg
Not Found: /images/pizza-3.jpg
Not Found: /images/pizza-2.jpg
Not Found: /images/pizza-6.jpg
Not Found: /images/pizza-4.jpg
Not Found: /images/pizza-5.jpg
Not Found: /images/pizza-7.jpg
Not Found: /images/pizza-8.jpg
Not Found: /images/gallery-1.jpg
Not Found: /images/bg_1.jpg
Not Found: /images/bg_3.jpg
Not Found: /images/bg_2.jpg
Not Found: /images/gallery-2.jpg
Not Found: /images/gallery-3.jpg
Not Found: /images/gallery-4.jpg
Not Found: /images/image_1.jpg
Not Found: /images/image_2.jpg
Not Found: /images/image_3.jpg
Not Found: /images/bg_2.png
Not Found: /images/bg_2.png
Not Found: /images/about.jpg
Not Found: /images/pizza-3.jpg
Not Found: /images/pizza-4.jpg
Not Found: /images/pizza-1.jpg
Not Found: /images/pizza-2.jpg
Not Found: /images/pizza-5.jpg
Not Found: /images/pizza-6.jpg
Not Found: /images/bg_1.jpg
Not Found: /images/bg_2.jpg
Not Found: /images/bg_3.jpg
Not Found: /images/pizza-7.jpg
Not Found: /images/pizza-8.jpg
Not Found: /images/gallery-1.jpg
Not Found: /images/gallery-2.jpg
Not Found: /images/gallery-3.jpg
Not Found: /images/image_1.jpg
Not Found: /images/gallery-4.jpg
Not Found: /images/image_2.jpg
Not Found: /images/image_3.jpg
Not Found: /images/bg_2.png
Not Found: /images/bg_2.png
Not Found: /images/about.jpg
Not Found: /images/pizza-1.jpg
Not Found: /images/pizza-5.jpg
Not Found: /images/pizza-6.jpg
Not Found: /images/pizza-2.jpg
Not Found: /images/pizza-3.jpg
Not Found: /images/pizza-4.jpg
Not Found: /images/bg_1.jpg
Not Found: /images/bg_2.jpg
Not Found: /images/bg_3.jpg
Not Found: /images/pizza-7.jpg
Not Found: /images/gallery-1.jpg
Not Found: /images/pizza-8.jpg
Not Found: /images/gallery-2.jpg
Not Found: /images/gallery-4.jpg
Not Found: /images/image_1.jpg
Not Found: /images/gallery-3.jpg
Not Found: /images/image_2.jpg
Not Found: /images/image_3.jpg
Not Found: /images/bg_2.png
Not Found: /images/about.jpg
Not Found: /images/pizza-1.jpg
Not Found: /images/pizza-2.jpg
Not Found: /images/pizza-3.jpg
Not Found: /images/pizza-5.jpg
Not Found: /images/pizza-4.jpg
Not Found: /images/bg_1.jpg
Not Found: /images/bg_2.jpg
Not Found: /images/bg_3.jpg
Not Found: /images/pizza-6.jpg
Not Found: /images/pizza-7.jpg
Not Found: /images/pizza-8.jpg
Not Found: /images/gallery-1.jpg
Not Found: /images/gallery-2.jpg
Not Found: /images/gallery-3.jpg
Not Found: /images/gallery-4.jpg
Not Found: /images/image_1.jpg
Not Found: /images/image_2.jpg
Not Found: /images/image_3.jpg
Not Found: /images/bg_2.png
Not Found: /images/about.jpg
Not Found: /images/pizza-1.jpg
Not Found: /images/pizza-2.jpg
Not Found: /images/pizza-3.jpg
Not Found: /images/pizza-4.jpg
Not Found: /images/pizza-5.jpg
Not Found: /images/bg_1.jpg
Not Found: /images/bg_3.jpg
Not Found: /images/bg_2.jpg
Not Found: /images/pizza-6.jpg
Not Found: /images/pizza-7.jpg
Not Found: /images/pizza-8.jpg
Not Found: /images/gallery-1.jpg
Not Found: /images/gallery-2.jpg
Not Found: /images/gallery-3.jpg
Not Found: /images/gallery-4.jpg
Not Found: /images/image_1.jpg
Not Found: /images/image_2.jpg
Not Found: /images/image_3.jpg
C:\Users\kotch\MOVELIKEAPYTHON\restaurant_project\restaurant\admin.py changed, reloading.
Watching for file changes with StatReloader
Not Found: /images/bg_2.png
Not Found: /images/about.jpg
Not Found: /images/pizza-1.jpg
Not Found: /images/pizza-2.jpg
Not Found: /images/pizza-3.jpg
Not Found: /images/pizza-4.jpg
Not Found: /images/pizza-6.jpg
Not Found: /images/pizza-5.jpg
Not Found: /images/pizza-7.jpg
Not Found: /images/pizza-8.jpg
Not Found: /images/gallery-1.jpg
Not Found: /images/gallery-2.jpg
Not Found: /images/gallery-3.jpg
Not Found: /images/gallery-4.jpg
Not Found: /images/bg_2.jpg
Not Found: /images/image_1.jpg
Not Found: /images/image_2.jpg
Not Found: /images/image_3.jpg
Not Found: /images/bg_3.jpg
Not Found: /images/bg_1.jpg
Not Found: /images/bg_2.png
Not Found: /images/bg_2.png
Not Found: /images/pizza-2.jpg
Not Found: /images/pizza-5.jpg
Not Found: /images/pizza-1.jpg
Not Found: /images/about.jpg
Not Found: /images/pizza-3.jpg
Not Found: /images/pizza-4.jpg
Not Found: /images/bg_1.jpg
Not Found: /images/bg_2.jpg
Not Found: /images/bg_3.jpg
Not Found: /images/pizza-6.jpg
Not Found: /images/pizza-7.jpg
Not Found: /images/pizza-8.jpg
Not Found: /images/gallery-1.jpg
Not Found: /images/gallery-2.jpg
Not Found: /images/gallery-3.jpg
Not Found: /images/gallery-4.jpg
Not Found: /images/image_1.jpg
Not Found: /images/image_2.jpg
Not Found: /images/image_3.jpg
Not Found: /images/bg_2.png
Watching for file changes with StatReloader
Not Found: /images/bg_2.png
Not Found: /images/about.jpg
Not Found: /images/pizza-1.jpg
Not Found: /images/pizza-2.jpg
Not Found: /images/pizza-3.jpg
Not Found: /images/pizza-4.jpg
Not Found: /images/pizza-5.jpg
Not Found: /images/pizza-6.jpg
Not Found: /images/pizza-7.jpg
Not Found: /images/pizza-8.jpg
Not Found: /images/gallery-1.jpg
Not Found: /images/gallery-2.jpg
Not Found: /images/gallery-3.jpg
Not Found: /images/gallery-4.jpg
Not Found: /images/bg_2.jpg
Not Found: /images/image_1.jpg
Not Found: /images/image_2.jpg
Not Found: /images/image_3.jpg
Not Found: /images/bg_1.jpg
Not Found: /images/bg_3.jpg
Not Found: /images/bg_2.jpg
Not Found: /images/bg_2.png
Not Found: /favicon.ico
Not Found: /images/bg_2.png
Not Found: /images/about.jpg
Not Found: /images/pizza-1.jpg
Not Found: /images/pizza-2.jpg
Not Found: /images/pizza-5.jpg
Not Found: /images/pizza-3.jpg
Not Found: /images/pizza-6.jpg
Not Found: /images/pizza-4.jpg
Not Found: /images/bg_1.jpg
Not Found: /images/bg_3.jpg
Not Found: /images/bg_2.jpg
Not Found: /images/pizza-7.jpg
Not Found: /images/pizza-8.jpg
Not Found: /images/gallery-1.jpg
Not Found: /images/gallery-4.jpg
Not Found: /images/gallery-2.jpg
Not Found: /images/gallery-3.jpg
Not Found: /images/image_2.jpg
Not Found: /images/image_1.jpg
Not Found: /images/bg_2.png
Not Found: /images/image_3.jpg
Not Found: /images/about.jpg
Not Found: /images/pizza-3.jpg
Not Found: /images/pizza-2.jpg
Not Found: /images/bg_2.png
Not Found: /images/pizza-4.jpg
Not Found: /images/pizza-1.jpg
Not Found: /images/bg_1.jpg
Not Found: /images/bg_2.jpg
Not Found: /images/bg_3.jpg
Not Found: /images/pizza-5.jpg
Not Found: /images/pizza-6.jpg
Not Found: /images/pizza-8.jpg
Not Found: /images/pizza-7.jpg
Not Found: /images/gallery-1.jpg
Not Found: /images/gallery-2.jpg
Not Found: /images/image_1.jpg
Not Found: /images/gallery-4.jpg
Not Found: /images/gallery-3.jpg
Not Found: /images/image_2.jpg
Not Found: /images/image_3.jpg
Not Found: /images/bg_2.png
Not Found: /images/pizza-4.jpg
Not Found: /images/pizza-1.jpg
Not Found: /images/about.jpg
Not Found: /images/pizza-3.jpg
Not Found: /images/pizza-2.jpg
Not Found: /images/bg_1.jpg
Not Found: /images/bg_2.jpg
Not Found: /images/bg_3.jpg
Not Found: /images/pizza-5.jpg
Not Found: /images/pizza-7.jpg
Not Found: /images/pizza-6.jpg
Not Found: /images/pizza-8.jpg
Not Found: /images/gallery-2.jpg
Not Found: /images/gallery-1.jpg
Not Found: /images/gallery-3.jpg
Not Found: /images/gallery-4.jpg
Not Found: /images/image_2.jpg
Not Found: /images/image_1.jpg
Not Found: /images/image_3.jpg
Not Found: /images/bg_2.png
Not Found: /images/pizza-1.jpg
Not Found: /images/pizza-3.jpg
Not Found: /images/about.jpg
Not Found: /images/pizza-4.jpg
Not Found: /images/pizza-2.jpg
Not Found: /images/bg_1.jpg
Not Found: /images/bg_2.jpg
Not Found: /images/bg_3.jpg
Not Found: /images/pizza-5.jpg
Not Found: /images/pizza-6.jpg
Not Found: /images/pizza-7.jpg
Not Found: /images/pizza-8.jpg
Not Found: /images/gallery-1.jpg
Not Found: /images/gallery-2.jpg
Not Found: /images/image_2.jpg
Not Found: /images/image_1.jpg
Not Found: /images/gallery-3.jpg
Not Found: /images/gallery-4.jpg
Not Found: /images/image_3.jpg
Not Found: /images/bg_2.png
Not Found: /images/pizza-3.jpg
Not Found: /images/about.jpg
Not Found: /images/pizza-1.jpg
Not Found: /images/pizza-2.jpg
Not Found: /images/pizza-5.jpg
Not Found: /images/pizza-4.jpg
Not Found: /images/bg_1.jpg
Not Found: /images/bg_3.jpg
Not Found: /images/bg_2.jpg
Not Found: /images/pizza-7.jpg
Not Found: /images/pizza-6.jpg
Not Found: /images/pizza-8.jpg
Not Found: /images/gallery-1.jpg
Not Found: /images/gallery-2.jpg
Not Found: /images/gallery-3.jpg
Not Found: /images/gallery-4.jpg
Not Found: /images/image_3.jpg
Not Found: /images/bg_2.png
Not Found: /images/image_1.jpg
Not Found: /images/image_2.jpg
Not Found: /images/bg_2.png
Not Found: /images/about.jpg
Not Found: /images/pizza-4.jpg
Not Found: /images/pizza-1.jpg
Not Found: /images/pizza-5.jpg
Not Found: /images/pizza-3.jpg
Not Found: /images/pizza-2.jpg
Not Found: /images/bg_1.jpg
Not Found: /images/bg_2.jpg
Not Found: /images/bg_3.jpg
Not Found: /images/pizza-6.jpg
Not Found: /images/pizza-7.jpg
Not Found: /images/pizza-8.jpg
Not Found: /images/gallery-2.jpg
Not Found: /images/gallery-3.jpg
Not Found: /images/gallery-1.jpg
Not Found: /images/gallery-4.jpg
Not Found: /images/image_1.jpg
Not Found: /images/image_3.jpg
Not Found: /images/bg_2.png
Not Found: /images/image_2.jpg
Not Found: /images/bg_2.png
Not Found: /images/about.jpg
Not Found: /images/pizza-3.jpg
Not Found: /images/pizza-2.jpg
Not Found: /images/pizza-4.jpg
Not Found: /images/pizza-1.jpg
Not Found: /images/pizza-5.jpg
Not Found: /images/pizza-6.jpg
Not Found: /images/bg_1.jpg
Not Found: /images/bg_3.jpg
Not Found: /images/bg_2.jpg
Not Found: /images/pizza-8.jpg
Not Found: /images/pizza-7.jpg
Not Found: /images/gallery-3.jpg
Not Found: /images/gallery-1.jpg
Not Found: /images/gallery-2.jpg
Not Found: /images/gallery-4.jpg
Not Found: /images/image_2.jpg
Not Found: /images/image_1.jpg
Not Found: /images/bg_2.png
Not Found: /images/image_3.jpg
Not Found: /images/bg_2.png
Not Found: /images/pizza-3.jpg
Not Found: /images/pizza-1.jpg
Not Found: /images/pizza-5.jpg
Not Found: /images/pizza-2.jpg
Not Found: /images/about.jpg
Not Found: /images/pizza-4.jpg
Not Found: /images/bg_1.jpg
Not Found: /images/bg_2.jpg
Not Found: /images/bg_3.jpg
Not Found: /images/pizza-6.jpg
Not Found: /images/pizza-7.jpg
Not Found: /images/pizza-8.jpg
Not Found: /images/gallery-2.jpg
Not Found: /images/gallery-1.jpg
Not Found: /images/gallery-3.jpg
Not Found: /images/image_1.jpg
Not Found: /images/gallery-4.jpg
Not Found: /images/image_2.jpg
Not Found: /images/image_3.jpg
Not Found: /images/bg_2.png
Not Found: /images/bg_2.png
Not Found: /images/pizza-3.jpg
Not Found: /images/pizza-1.jpg
Not Found: /images/pizza-5.jpg
Not Found: /images/about.jpg
Not Found: /images/pizza-2.jpg
Not Found: /images/pizza-4.jpg
Not Found: /images/bg_3.jpg
Not Found: /images/bg_1.jpg
Not Found: /images/bg_2.jpg
Not Found: /images/pizza-7.jpg
Not Found: /images/pizza-6.jpg
Not Found: /images/pizza-8.jpg
Not Found: /images/gallery-1.jpg
Not Found: /images/gallery-2.jpg
Not Found: /images/gallery-3.jpg
Not Found: /images/image_1.jpg
Not Found: /images/gallery-4.jpg
Not Found: /images/image_2.jpg
Not Found: /images/image_3.jpg
Not Found: /images/bg_2.png
Not Found: /images/bg_2.png
Not Found: /images/pizza-1.jpg
Not Found: /images/pizza-2.jpg
Not Found: /images/pizza-3.jpg
Not Found: /images/about.jpg
Not Found: /images/pizza-4.jpg
Not Found: /images/pizza-5.jpg
Not Found: /images/bg_1.jpg
Not Found: /images/bg_2.jpg
Not Found: /images/pizza-6.jpg
Not Found: /images/bg_3.jpg
Not Found: /images/pizza-8.jpg
Not Found: /images/gallery-2.jpg
Not Found: /images/pizza-7.jpg
Not Found: /images/gallery-1.jpg
Not Found: /images/gallery-3.jpg
Not Found: /images/gallery-4.jpg
Not Found: /images/image_1.jpg
Not Found: /images/image_2.jpg
Not Found: /images/image_3.jpg
Not Found: /images/bg_2.png
Not Found: /images/bg_2.png
Not Found: /images/pizza-5.jpg
Not Found: /images/about.jpg
Not Found: /images/pizza-1.jpg
Not Found: /images/pizza-3.jpg
Not Found: /images/pizza-4.jpg
Not Found: /images/pizza-2.jpg
Not Found: /images/pizza-6.jpg
Not Found: /images/bg_1.jpg
Not Found: /images/bg_2.jpg
Not Found: /images/bg_3.jpg
Not Found: /images/pizza-8.jpg
Not Found: /images/pizza-7.jpg
Not Found: /images/gallery-1.jpg
Not Found: /images/gallery-2.jpg
Not Found: /images/image_3.jpg
Not Found: /images/gallery-4.jpg
Not Found: /images/gallery-3.jpg
Not Found: /images/image_2.jpg
Not Found: /images/bg_2.png
Not Found: /images/image_1.jpg
Not Found: /images/bg_2.png
Not Found: /images/pizza-3.jpg
Not Found: /images/pizza-2.jpg
Not Found: /images/about.jpg
Not Found: /images/pizza-1.jpg
Not Found: /images/pizza-4.jpg
Not Found: /images/bg_1.jpg
Not Found: /images/bg_2.jpg
Not Found: /images/bg_3.jpg
Not Found: /images/pizza-5.jpg
Not Found: /images/pizza-6.jpg
Not Found: /images/pizza-7.jpg
Not Found: /images/pizza-8.jpg
Not Found: /images/gallery-1.jpg
Not Found: /images/gallery-2.jpg
Not Found: /images/gallery-3.jpg
Not Found: /images/gallery-4.jpg
Not Found: /images/image_1.jpg
Not Found: /images/image_2.jpg
Not Found: /images/image_3.jpg
Not Found: /images/bg_2.png
Not Found: /images/about.jpg
Not Found: /images/pizza-1.jpg
Not Found: /images/pizza-2.jpg
Not Found: /images/pizza-4.jpg
Not Found: /images/pizza-5.jpg
Not Found: /images/pizza-3.jpg
Not Found: /images/bg_1.jpg
Not Found: /images/bg_3.jpg
Not Found: /images/bg_2.jpg
Not Found: /images/pizza-6.jpg
Not Found: /images/pizza-7.jpg
Not Found: /images/pizza-8.jpg
Not Found: /images/gallery-1.jpg
Not Found: /images/gallery-2.jpg
Not Found: /images/gallery-3.jpg
Not Found: /images/gallery-4.jpg
Not Found: /images/image_1.jpg
Not Found: /images/image_2.jpg
Not Found: /images/image_3.jpg
Not Found: /images/bg_2.png
Not Found: /images/bg_2.png
Not Found: /images/pizza-1.jpg
Not Found: /images/about.jpg
Not Found: /images/pizza-2.jpg
Not Found: /images/pizza-3.jpg
Not Found: /images/pizza-4.jpg
Not Found: /images/pizza-5.jpg
Not Found: /images/bg_1.jpg
Not Found: /images/bg_2.jpg
Not Found: /images/bg_3.jpg
Not Found: /images/pizza-7.jpg
Not Found: /images/pizza-6.jpg
Not Found: /images/pizza-8.jpg
Not Found: /images/gallery-1.jpg
Not Found: /images/gallery-2.jpg
Not Found: /images/gallery-3.jpg
Not Found: /images/gallery-4.jpg
Not Found: /images/image_1.jpg
Not Found: /images/image_2.jpg
Not Found: /images/image_3.jpg
Not Found: /images/bg_2.png
Not Found: /images/bg_2.png
Not Found: /images/pizza-1.jpg
Not Found: /images/pizza-4.jpg
Not Found: /images/about.jpg
Not Found: /images/pizza-2.jpg
Not Found: /images/pizza-3.jpg
Not Found: /images/bg_1.jpg
Not Found: /images/bg_3.jpg
Not Found: /images/bg_2.jpg
Not Found: /images/pizza-6.jpg
Not Found: /images/pizza-5.jpg
Not Found: /images/pizza-7.jpg
Not Found: /images/gallery-3.jpg
Not Found: /images/gallery-2.jpg
Not Found: /images/pizza-8.jpg
Not Found: /images/gallery-1.jpg
Not Found: /images/gallery-4.jpg
Not Found: /images/image_1.jpg
Not Found: /images/image_3.jpg
Not Found: /images/image_2.jpg
Not Found: /images/bg_2.png
Not Found: /images/about.jpg
Not Found: /images/pizza-4.jpg
Not Found: /images/pizza-3.jpg
Not Found: /images/pizza-1.jpg
Not Found: /images/pizza-2.jpg
Not Found: /images/bg_1.jpg
Not Found: /images/bg_3.jpg
Not Found: /images/bg_2.jpg
Not Found: /images/pizza-5.jpg
Not Found: /images/pizza-6.jpg
Not Found: /images/pizza-7.jpg
Not Found: /images/pizza-8.jpg
Not Found: /images/gallery-3.jpg
Not Found: /images/gallery-1.jpg
Not Found: /images/gallery-2.jpg
Not Found: /images/gallery-4.jpg
Not Found: /images/image_1.jpg
Not Found: /images/image_2.jpg
Not Found: /images/image_3.jpg
Not Found: /images/bg_2.png
Not Found: /images/about.jpg
Not Found: /images/pizza-3.jpg
Not Found: /images/pizza-1.jpg
Not Found: /images/pizza-2.jpg
Not Found: /images/pizza-4.jpg
Not Found: /images/bg_1.jpg
Not Found: /images/bg_2.jpg
Not Found: /images/bg_3.jpg
Not Found: /images/pizza-5.jpg
Not Found: /images/pizza-6.jpg
Not Found: /images/gallery-1.jpg
Not Found: /images/gallery-3.jpg
Not Found: /images/pizza-7.jpg
Not Found: /images/pizza-8.jpg
Not Found: /images/gallery-2.jpg
Not Found: /images/gallery-4.jpg
Not Found: /images/image_1.jpg
Not Found: /images/image_2.jpg
Not Found: /images/image_3.jpg
Not Found: /images/bg_2.png
Not Found: /images/pizza-2.jpg
Not Found: /images/pizza-4.jpg
Not Found: /images/pizza-3.jpg
Not Found: /images/pizza-5.jpg
Not Found: /images/pizza-1.jpg
Not Found: /images/about.jpg
Not Found: /images/bg_2.jpg
Not Found: /images/bg_1.jpg
Not Found: /images/bg_3.jpg
Not Found: /images/pizza-6.jpg
Not Found: /images/pizza-7.jpg
Not Found: /images/pizza-8.jpg
Not Found: /images/gallery-2.jpg
Not Found: /images/gallery-1.jpg
Not Found: /images/gallery-3.jpg
Not Found: /images/gallery-4.jpg
Not Found: /images/image_2.jpg
Not Found: /images/image_1.jpg
Not Found: /images/image_3.jpg
Not Found: /images/bg_2.png
Not Found: /images/bg_2.png
Not Found: /images/about.jpg
Not Found: /images/pizza-4.jpg
Not Found: /images/pizza-2.jpg
Not Found: /images/pizza-3.jpg
Not Found: /images/pizza-1.jpg
Not Found: /images/bg_1.jpg
Not Found: /images/bg_3.jpg
Not Found: /images/bg_2.jpg
Not Found: /images/pizza-5.jpg
Not Found: /images/pizza-6.jpg
Not Found: /images/pizza-7.jpg
Not Found: /images/pizza-8.jpg
Not Found: /images/gallery-1.jpg
Not Found: /images/gallery-2.jpg
Not Found: /images/gallery-3.jpg
Not Found: /images/gallery-4.jpg
Not Found: /images/image_1.jpg
Not Found: /images/image_2.jpg
Not Found: /images/image_3.jpg
Not Found: /images/bg_2.png
Not Found: /images/pizza-2.jpg
Not Found: /images/pizza-3.jpg
Not Found: /images/pizza-4.jpg
Not Found: /images/pizza-1.jpg
Not Found: /images/about.jpg
Not Found: /images/bg_1.jpg
Not Found: /images/bg_2.jpg
Not Found: /images/bg_3.jpg
Not Found: /images/pizza-6.jpg
Not Found: /images/pizza-5.jpg
Not Found: /images/pizza-7.jpg
Not Found: /images/pizza-8.jpg
Not Found: /images/gallery-1.jpg
Not Found: /images/gallery-2.jpg
Not Found: /images/gallery-3.jpg
Not Found: /images/image_3.jpg
Not Found: /images/image_1.jpg
Not Found: /images/image_2.jpg
Not Found: /images/gallery-4.jpg
Not Found: /api/swagger/
Unauthorized: /api/
C:\Users\kotch\MOVELIKEAPYTHON\restaurant_project\restaurant\urls.py changed, reloading.
Watching for file changes with StatReloader
C:\Users\kotch\MOVELIKEAPYTHON\restaurant_project\restaurant\urls.py changed, reloading.
Watching for file changes with StatReloader
Watching for file changes with StatReloader
C:\Users\kotch\MOVELIKEAPYTHON\restaurant_project\restaurant\serializers.py changed, reloading.
Watching for file changes with StatReloader
C:\Users\kotch\MOVELIKEAPYTHON\restaurant_project\restaurant\serializers.py changed, reloading.
Watching for file changes with StatReloader
C:\Users\kotch\MOVELIKEAPYTHON\restaurant_project\restaurant\serializers.py changed, reloading.
Watching for file changes with StatReloader
C:\Users\kotch\MOVELIKEAPYTHON\restaurant_project\restaurant\views.py changed, reloading.
Watching for file changes with StatReloader
C:\Users\kotch\MOVELIKEAPYTHON\restaurant_project\restaurant\views.py changed, reloading.
Watching for file changes with StatReloader
C:\Users\kotch\MOVELIKEAPYTHON\restaurant_project\restaurant\views.py changed, reloading.
Watching for file changes with StatReloader
C:\Users\kotch\MOVELIKEAPYTHON\restaurant_project\restaurant\views.py changed, reloading.
Watching for file changes with StatReloader
C:\Users\kotch\MOVELIKEAPYTHON\restaurant_project\restaurant\views.py changed, reloading.
Watching for file changes with StatReloader
C:\Users\kotch\MOVELIKEAPYTHON\restaurant_project\restaurant\views.py changed, reloading.
Watching for file changes with StatReloader
C:\Users\kotch\MOVELIKEAPYTHON\restaurant_project\restaurant\views.py changed, reloading.
Watching for file changes with StatReloader
C:\Users\kotch\MOVELIKEAPYTHON\restaurant_project\restaurant\views.py changed, reloading.
Watching for file changes with StatReloader
C:\Users\kotch\MOVELIKEAPYTHON\restaurant_project\restaurant\views.py changed, reloading.
Watching for file changes with StatReloader
C:\Users\kotch\MOVELIKEAPYTHON\restaurant_project\restaurant\views.py changed, reloading.
Watching for file changes with StatReloader
Not Found: /images/bg_2.png
Not Found: /images/about.jpg
Not Found: /images/pizza-1.jpg
Not Found: /images/pizza-3.jpg
Not Found: /images/pizza-2.jpg
Not Found: /images/pizza-4.jpg
Not Found: /images/pizza-6.jpg
Not Found: /images/pizza-5.jpg
Not Found: /images/pizza-7.jpg
Not Found: /images/pizza-8.jpg
Not Found: /images/gallery-1.jpg
Not Found: /images/gallery-3.jpg
Not Found: /images/gallery-2.jpg
Not Found: /images/bg_2.jpg
Not Found: /images/gallery-4.jpg
Not Found: /images/image_1.jpg
Not Found: /images/image_2.jpg
Not Found: /images/image_3.jpg
Not Found: /images/bg_1.jpg
Not Found: /images/bg_3.jpg
Not Found: /images/bg_2.png
Unauthorized: /api/
Not Found: /images/bg_2.png
Not Found: /images/about.jpg
Not Found: /images/pizza-1.jpg
Not Found: /images/pizza-2.jpg
Not Found: /images/pizza-3.jpg
Not Found: /images/pizza-5.jpg
Not Found: /images/pizza-7.jpg
Not Found: /images/pizza-4.jpg
Not Found: /images/pizza-6.jpg
Not Found: /images/bg_1.jpg
Not Found: /images/bg_2.jpg
Not Found: /images/bg_3.jpg
Not Found: /images/pizza-8.jpg
Not Found: /images/gallery-1.jpg
Not Found: /images/gallery-2.jpg
Not Found: /images/gallery-3.jpg
Not Found: /images/gallery-4.jpg
Not Found: /images/image_1.jpg
Not Found: /images/image_2.jpg
Not Found: /images/image_3.jpg
Not Found: /images/bg_2.png
Not Found: /api/swagger/
Unauthorized: /api/
Watching for file changes with StatReloader
Not Found: /images/bg_2.png
Not Found: /images/about.jpg
Not Found: /images/pizza-1.jpg
Not Found: /images/pizza-2.jpg
Not Found: /images/pizza-3.jpg
Not Found: /images/pizza-6.jpg
Not Found: /images/pizza-7.jpg
Not Found: /images/pizza-4.jpg
Not Found: /images/pizza-5.jpg
Not Found: /images/pizza-8.jpg
Not Found: /images/bg_2.jpg
Not Found: /images/gallery-4.jpg
Not Found: /images/gallery-1.jpg
Not Found: /images/gallery-2.jpg
Not Found: /images/gallery-3.jpg
Not Found: /images/image_1.jpg
Not Found: /images/image_3.jpg
Not Found: /images/image_2.jpg
Not Found: /images/bg_3.jpg
Not Found: /images/bg_1.jpg
Not Found: /images/bg_2.png
Not Found: /api/swagger/
Unauthorized: /api/
Unauthorized: /api/plats/
Unauthorized: /api/
Unauthorized: /api/
Unauthorized: /api/
Internal Server Error: /api/plats/
Traceback (most recent call last):
  File "C:\Users\kotch\MOVELIKEAPYTHON\venv\Lib\site-packages\rest_framework\fields.py", line 437, in get_attribute
    return get_attribute(instance, self.source_attrs)
           ^^^^^^^^^^^^^^^^^^^^^^^^^^^^^^^^^^^^^^^^^^
  File "C:\Users\kotch\MOVELIKEAPYTHON\venv\Lib\site-packages\rest_framework\fields.py", line 104, in get_attribute
    instance = getattr(instance, attr)
               ^^^^^^^^^^^^^^^^^^^^^^^
AttributeError: 'Categorie' object has no attribute 'name'

During handling of the above exception, another exception occurred:

Traceback (most recent call last):
  File "C:\Users\kotch\MOVELIKEAPYTHON\venv\Lib\site-packages\django\core\handlers\exception.py", line 55, in inner
    response = get_response(request)
               ^^^^^^^^^^^^^^^^^^^^^
  File "C:\Users\kotch\MOVELIKEAPYTHON\venv\Lib\site-packages\django\core\handlers\base.py", line 197, in _get_response
    response = wrapped_callback(request, *callback_args, **callback_kwargs)
               ^^^^^^^^^^^^^^^^^^^^^^^^^^^^^^^^^^^^^^^^^^^^^^^^^^^^^^^^^^^^
  File "C:\Users\kotch\MOVELIKEAPYTHON\venv\Lib\site-packages\django\views\decorators\csrf.py", line 65, in _view_wrapper
    return view_func(request, *args, **kwargs)
           ^^^^^^^^^^^^^^^^^^^^^^^^^^^^^^^^^^^
  File "C:\Users\kotch\MOVELIKEAPYTHON\venv\Lib\site-packages\rest_framework\viewsets.py", line 125, in view
    return self.dispatch(request, *args, **kwargs)
           ^^^^^^^^^^^^^^^^^^^^^^^^^^^^^^^^^^^^^^^
  File "C:\Users\kotch\MOVELIKEAPYTHON\venv\Lib\site-packages\rest_framework\views.py", line 515, in dispatch
    response = self.handle_exception(exc)
               ^^^^^^^^^^^^^^^^^^^^^^^^^^
  File "C:\Users\kotch\MOVELIKEAPYTHON\venv\Lib\site-packages\rest_framework\views.py", line 475, in handle_exception
    self.raise_uncaught_exception(exc)
  File "C:\Users\kotch\MOVELIKEAPYTHON\venv\Lib\site-packages\rest_framework\views.py", line 486, in raise_uncaught_exception
    raise exc
  File "C:\Users\kotch\MOVELIKEAPYTHON\venv\Lib\site-packages\rest_framework\views.py", line 512, in dispatch
    response = handler(request, *args, **kwargs)
               ^^^^^^^^^^^^^^^^^^^^^^^^^^^^^^^^^
  File "C:\Users\kotch\MOVELIKEAPYTHON\venv\Lib\site-packages\rest_framework\mixins.py", line 46, in list
    return Response(serializer.data)
                    ^^^^^^^^^^^^^^^
  File "C:\Users\kotch\MOVELIKEAPYTHON\venv\Lib\site-packages\rest_framework\serializers.py", line 797, in data
    ret = super().data
          ^^^^^^^^^^^^
  File "C:\Users\kotch\MOVELIKEAPYTHON\venv\Lib\site-packages\rest_framework\serializers.py", line 251, in data
    self._data = self.to_representation(self.instance)
                 ^^^^^^^^^^^^^^^^^^^^^^^^^^^^^^^^^^^^^
  File "C:\Users\kotch\MOVELIKEAPYTHON\venv\Lib\site-packages\rest_framework\serializers.py", line 716, in to_representation
    self.child.to_representation(item) for item in iterable
    ^^^^^^^^^^^^^^^^^^^^^^^^^^^^^^^^^^
  File "C:\Users\kotch\MOVELIKEAPYTHON\venv\Lib\site-packages\rest_framework\serializers.py", line 540, in to_representation
    ret[field.field_name] = field.to_representation(attribute)
                            ^^^^^^^^^^^^^^^^^^^^^^^^^^^^^^^^^^
  File "C:\Users\kotch\MOVELIKEAPYTHON\venv\Lib\site-packages\rest_framework\serializers.py", line 527, in to_representation
    attribute = field.get_attribute(instance)
                ^^^^^^^^^^^^^^^^^^^^^^^^^^^^^
  File "C:\Users\kotch\MOVELIKEAPYTHON\venv\Lib\site-packages\rest_framework\fields.py", line 470, in get_attribute
    raise type(exc)(msg)
AttributeError: Got AttributeError when attempting to get a value for field `name` on serializer `CategorySerializer`.
The serializer field might be named incorrectly and not match any attribute or key on the `Categorie` instance.
Original exception text was: 'Categorie' object has no attribute 'name'.
Not Found: /api/Plats
Unauthorized: /api/
Not Found: /images/bg_2.png
Not Found: /images/about.jpg
Not Found: /images/pizza-1.jpg
Not Found: /images/pizza-2.jpg
Not Found: /images/pizza-3.jpg
Not Found: /images/pizza-4.jpg
Not Found: /images/pizza-6.jpg
Not Found: /images/pizza-5.jpg
Not Found: /images/pizza-7.jpg
Not Found: /images/pizza-8.jpg
Not Found: /images/gallery-4.jpg
Not Found: /images/gallery-1.jpg
Not Found: /images/bg_2.jpg
Not Found: /images/gallery-2.jpg
Not Found: /images/gallery-3.jpg
Not Found: /images/bg_1.jpg
Not Found: /images/bg_3.jpg
Not Found: /images/image_1.jpg
Not Found: /images/bg_2.png
Not Found: /images/image_3.jpg
Not Found: /images/image_2.jpg
Not Found: /images/bg_2.png
Not Found: /images/pizza-2.jpg
Not Found: /images/pizza-4.jpg
Not Found: /images/about.jpg
Not Found: /images/pizza-1.jpg
Not Found: /images/pizza-3.jpg
Not Found: /images/bg_2.jpg
Not Found: /images/bg_1.jpg
Not Found: /images/bg_3.jpg
Not Found: /images/pizza-5.jpg
Not Found: /images/gallery-1.jpg
Not Found: /images/pizza-6.jpg
Not Found: /images/pizza-8.jpg
Not Found: /images/pizza-7.jpg
Not Found: /images/gallery-2.jpg
Not Found: /images/gallery-3.jpg
Not Found: /images/gallery-4.jpg
Not Found: /images/image_1.jpg
Not Found: /images/image_2.jpg
Not Found: /images/image_3.jpg
Unauthorized: /api/
Unauthorized: /api/
Unauthorized: /api/
Unauthorized: /api/
Unauthorized: /api/
Unauthorized: /api/
Unauthorized: /api/
Unauthorized: /api/
Watching for file changes with StatReloader
C:\Users\kotch\MOVELIKEAPYTHON\restaurant_project\restaurant_project\settings.py changed, reloading.
Watching for file changes with StatReloader
C:\Users\kotch\MOVELIKEAPYTHON\restaurant_project\restaurant_project\settings.py changed, reloading.
Watching for file changes with StatReloader
Not Found: /images/bg_2.png
Not Found: /images/pizza-1.jpg
Not Found: /images/about.jpg
Not Found: /images/pizza-2.jpg
Not Found: /images/pizza-3.jpg
Not Found: /images/pizza-6.jpg
Not Found: /images/pizza-4.jpg
Not Found: /images/pizza-7.jpg
Not Found: /images/pizza-5.jpg
Not Found: /images/pizza-8.jpg
Not Found: /images/gallery-1.jpg
Not Found: /images/gallery-4.jpg
Not Found: /images/gallery-2.jpg
Not Found: /images/bg_2.jpg
Not Found: /images/gallery-3.jpg
Not Found: /images/drink-1.jpg
Not Found: /images/drink-2.jpg
Not Found: /images/drink-3.jpg
Not Found: /images/burger-1.jpg
Not Found: /images/burger-2.jpg
Not Found: /images/burger-3.jpg
Not Found: /images/pasta-1.jpg
Not Found: /images/pasta-2.jpg
Not Found: /images/pasta-3.jpg
Not Found: /images/image_1.jpg
Not Found: /images/image_2.jpg
Not Found: /images/image_3.jpg
Not Found: /images/bg_1.jpg
Not Found: /images/bg_3.jpg
Not Found: /images/bg_2.jpg
Not Found: /images/bg_2.png
Internal Server Error: /api/plats/
Traceback (most recent call last):
  File "C:\Users\kotch\MOVELIKEAPYTHON\venv\Lib\site-packages\rest_framework\fields.py", line 437, in get_attribute
    return get_attribute(instance, self.source_attrs)
           ^^^^^^^^^^^^^^^^^^^^^^^^^^^^^^^^^^^^^^^^^^
  File "C:\Users\kotch\MOVELIKEAPYTHON\venv\Lib\site-packages\rest_framework\fields.py", line 104, in get_attribute
    instance = getattr(instance, attr)
               ^^^^^^^^^^^^^^^^^^^^^^^
AttributeError: 'Categorie' object has no attribute 'name'

During handling of the above exception, another exception occurred:

Traceback (most recent call last):
  File "C:\Users\kotch\MOVELIKEAPYTHON\venv\Lib\site-packages\django\core\handlers\exception.py", line 55, in inner
    response = get_response(request)
               ^^^^^^^^^^^^^^^^^^^^^
  File "C:\Users\kotch\MOVELIKEAPYTHON\venv\Lib\site-packages\django\core\handlers\base.py", line 197, in _get_response
    response = wrapped_callback(request, *callback_args, **callback_kwargs)
               ^^^^^^^^^^^^^^^^^^^^^^^^^^^^^^^^^^^^^^^^^^^^^^^^^^^^^^^^^^^^
  File "C:\Users\kotch\MOVELIKEAPYTHON\venv\Lib\site-packages\django\views\decorators\csrf.py", line 65, in _view_wrapper
    return view_func(request, *args, **kwargs)
           ^^^^^^^^^^^^^^^^^^^^^^^^^^^^^^^^^^^
  File "C:\Users\kotch\MOVELIKEAPYTHON\venv\Lib\site-packages\rest_framework\viewsets.py", line 125, in view
    return self.dispatch(request, *args, **kwargs)
           ^^^^^^^^^^^^^^^^^^^^^^^^^^^^^^^^^^^^^^^
  File "C:\Users\kotch\MOVELIKEAPYTHON\venv\Lib\site-packages\rest_framework\views.py", line 515, in dispatch
    response = self.handle_exception(exc)
               ^^^^^^^^^^^^^^^^^^^^^^^^^^
  File "C:\Users\kotch\MOVELIKEAPYTHON\venv\Lib\site-packages\rest_framework\views.py", line 475, in handle_exception
    self.raise_uncaught_exception(exc)
  File "C:\Users\kotch\MOVELIKEAPYTHON\venv\Lib\site-packages\rest_framework\views.py", line 486, in raise_uncaught_exception
    raise exc
  File "C:\Users\kotch\MOVELIKEAPYTHON\venv\Lib\site-packages\rest_framework\views.py", line 512, in dispatch
    response = handler(request, *args, **kwargs)
               ^^^^^^^^^^^^^^^^^^^^^^^^^^^^^^^^^
  File "C:\Users\kotch\MOVELIKEAPYTHON\venv\Lib\site-packages\rest_framework\mixins.py", line 46, in list
    return Response(serializer.data)
                    ^^^^^^^^^^^^^^^
  File "C:\Users\kotch\MOVELIKEAPYTHON\venv\Lib\site-packages\rest_framework\serializers.py", line 797, in data
    ret = super().data
          ^^^^^^^^^^^^
  File "C:\Users\kotch\MOVELIKEAPYTHON\venv\Lib\site-packages\rest_framework\serializers.py", line 251, in data
    self._data = self.to_representation(self.instance)
                 ^^^^^^^^^^^^^^^^^^^^^^^^^^^^^^^^^^^^^
  File "C:\Users\kotch\MOVELIKEAPYTHON\venv\Lib\site-packages\rest_framework\serializers.py", line 716, in to_representation
    self.child.to_representation(item) for item in iterable
    ^^^^^^^^^^^^^^^^^^^^^^^^^^^^^^^^^^
  File "C:\Users\kotch\MOVELIKEAPYTHON\venv\Lib\site-packages\rest_framework\serializers.py", line 540, in to_representation
    ret[field.field_name] = field.to_representation(attribute)
                            ^^^^^^^^^^^^^^^^^^^^^^^^^^^^^^^^^^
  File "C:\Users\kotch\MOVELIKEAPYTHON\venv\Lib\site-packages\rest_framework\serializers.py", line 527, in to_representation
    attribute = field.get_attribute(instance)
                ^^^^^^^^^^^^^^^^^^^^^^^^^^^^^
  File "C:\Users\kotch\MOVELIKEAPYTHON\venv\Lib\site-packages\rest_framework\fields.py", line 470, in get_attribute
    raise type(exc)(msg)
AttributeError: Got AttributeError when attempting to get a value for field `name` on serializer `CategorySerializer`.
The serializer field might be named incorrectly and not match any attribute or key on the `Categorie` instance.
Original exception text was: 'Categorie' object has no attribute 'name'.
C:\Users\kotch\MOVELIKEAPYTHON\restaurant_project\restaurant\serializers.py changed, reloading.
Watching for file changes with StatReloader
Internal Server Error: /api/plats/
Traceback (most recent call last):
  File "C:\Users\kotch\MOVELIKEAPYTHON\venv\Lib\site-packages\django\core\handlers\exception.py", line 55, in inner
    response = get_response(request)
               ^^^^^^^^^^^^^^^^^^^^^
  File "C:\Users\kotch\MOVELIKEAPYTHON\venv\Lib\site-packages\django\core\handlers\base.py", line 197, in _get_response
    response = wrapped_callback(request, *callback_args, **callback_kwargs)
               ^^^^^^^^^^^^^^^^^^^^^^^^^^^^^^^^^^^^^^^^^^^^^^^^^^^^^^^^^^^^
  File "C:\Users\kotch\MOVELIKEAPYTHON\venv\Lib\site-packages\django\views\decorators\csrf.py", line 65, in _view_wrapper
    return view_func(request, *args, **kwargs)
           ^^^^^^^^^^^^^^^^^^^^^^^^^^^^^^^^^^^
  File "C:\Users\kotch\MOVELIKEAPYTHON\venv\Lib\site-packages\rest_framework\viewsets.py", line 125, in view
    return self.dispatch(request, *args, **kwargs)
           ^^^^^^^^^^^^^^^^^^^^^^^^^^^^^^^^^^^^^^^
  File "C:\Users\kotch\MOVELIKEAPYTHON\venv\Lib\site-packages\rest_framework\views.py", line 515, in dispatch
    response = self.handle_exception(exc)
               ^^^^^^^^^^^^^^^^^^^^^^^^^^
  File "C:\Users\kotch\MOVELIKEAPYTHON\venv\Lib\site-packages\rest_framework\views.py", line 475, in handle_exception
    self.raise_uncaught_exception(exc)
  File "C:\Users\kotch\MOVELIKEAPYTHON\venv\Lib\site-packages\rest_framework\views.py", line 486, in raise_uncaught_exception
    raise exc
  File "C:\Users\kotch\MOVELIKEAPYTHON\venv\Lib\site-packages\rest_framework\views.py", line 512, in dispatch
    response = handler(request, *args, **kwargs)
               ^^^^^^^^^^^^^^^^^^^^^^^^^^^^^^^^^
  File "C:\Users\kotch\MOVELIKEAPYTHON\venv\Lib\site-packages\rest_framework\mixins.py", line 46, in list
    return Response(serializer.data)
                    ^^^^^^^^^^^^^^^
  File "C:\Users\kotch\MOVELIKEAPYTHON\venv\Lib\site-packages\rest_framework\serializers.py", line 797, in data
    ret = super().data
          ^^^^^^^^^^^^
  File "C:\Users\kotch\MOVELIKEAPYTHON\venv\Lib\site-packages\rest_framework\serializers.py", line 251, in data
    self._data = self.to_representation(self.instance)
                 ^^^^^^^^^^^^^^^^^^^^^^^^^^^^^^^^^^^^^
  File "C:\Users\kotch\MOVELIKEAPYTHON\venv\Lib\site-packages\rest_framework\serializers.py", line 716, in to_representation
    self.child.to_representation(item) for item in iterable
    ^^^^^^^^^^^^^^^^^^^^^^^^^^^^^^^^^^
  File "C:\Users\kotch\MOVELIKEAPYTHON\venv\Lib\site-packages\rest_framework\serializers.py", line 540, in to_representation
    ret[field.field_name] = field.to_representation(attribute)
                            ^^^^^^^^^^^^^^^^^^^^^^^^^^^^^^^^^^
  File "C:\Users\kotch\MOVELIKEAPYTHON\venv\Lib\site-packages\rest_framework\serializers.py", line 525, in to_representation
    for field in fields:
                 ^^^^^^
  File "C:\Users\kotch\MOVELIKEAPYTHON\venv\Lib\site-packages\rest_framework\serializers.py", line 386, in _readable_fields
    for field in self.fields.values():
                 ^^^^^^^^^^^
  File "C:\Users\kotch\MOVELIKEAPYTHON\venv\Lib\site-packages\django\utils\functional.py", line 47, in __get__
    res = instance.__dict__[self.name] = self.func(instance)
                                         ^^^^^^^^^^^^^^^^^^^
  File "C:\Users\kotch\MOVELIKEAPYTHON\venv\Lib\site-packages\rest_framework\serializers.py", line 374, in fields
    for key, value in self.get_fields().items():
                      ^^^^^^^^^^^^^^^^^
  File "C:\Users\kotch\MOVELIKEAPYTHON\venv\Lib\site-packages\rest_framework\serializers.py", line 1105, in get_fields
    field_class, field_kwargs = self.build_field(
                                ^^^^^^^^^^^^^^^^^
  File "C:\Users\kotch\MOVELIKEAPYTHON\venv\Lib\site-packages\rest_framework\serializers.py", line 1251, in build_field
    return self.build_unknown_field(field_name, model_class)
           ^^^^^^^^^^^^^^^^^^^^^^^^^^^^^^^^^^^^^^^^^^^^^^^^^
  File "C:\Users\kotch\MOVELIKEAPYTHON\venv\Lib\site-packages\rest_framework\serializers.py", line 1369, in build_unknown_field
    raise ImproperlyConfigured(
django.core.exceptions.ImproperlyConfigured: Field name `n` is not valid for model `Category` in `restaurant.serializers.CategorySerializer`.
C:\Users\kotch\MOVELIKEAPYTHON\restaurant_project\restaurant\serializers.py changed, reloading.
Watching for file changes with StatReloader
Internal Server Error: /api/plats/
Traceback (most recent call last):
  File "C:\Users\kotch\MOVELIKEAPYTHON\venv\Lib\site-packages\rest_framework\fields.py", line 437, in get_attribute
    return get_attribute(instance, self.source_attrs)
           ^^^^^^^^^^^^^^^^^^^^^^^^^^^^^^^^^^^^^^^^^^
  File "C:\Users\kotch\MOVELIKEAPYTHON\venv\Lib\site-packages\rest_framework\fields.py", line 104, in get_attribute
    instance = getattr(instance, attr)
               ^^^^^^^^^^^^^^^^^^^^^^^
AttributeError: 'Categorie' object has no attribute 'name'

During handling of the above exception, another exception occurred:

Traceback (most recent call last):
  File "C:\Users\kotch\MOVELIKEAPYTHON\venv\Lib\site-packages\django\core\handlers\exception.py", line 55, in inner
    response = get_response(request)
               ^^^^^^^^^^^^^^^^^^^^^
  File "C:\Users\kotch\MOVELIKEAPYTHON\venv\Lib\site-packages\django\core\handlers\base.py", line 197, in _get_response
    response = wrapped_callback(request, *callback_args, **callback_kwargs)
               ^^^^^^^^^^^^^^^^^^^^^^^^^^^^^^^^^^^^^^^^^^^^^^^^^^^^^^^^^^^^
  File "C:\Users\kotch\MOVELIKEAPYTHON\venv\Lib\site-packages\django\views\decorators\csrf.py", line 65, in _view_wrapper
    return view_func(request, *args, **kwargs)
           ^^^^^^^^^^^^^^^^^^^^^^^^^^^^^^^^^^^
  File "C:\Users\kotch\MOVELIKEAPYTHON\venv\Lib\site-packages\rest_framework\viewsets.py", line 125, in view
    return self.dispatch(request, *args, **kwargs)
           ^^^^^^^^^^^^^^^^^^^^^^^^^^^^^^^^^^^^^^^
  File "C:\Users\kotch\MOVELIKEAPYTHON\venv\Lib\site-packages\rest_framework\views.py", line 515, in dispatch
    response = self.handle_exception(exc)
               ^^^^^^^^^^^^^^^^^^^^^^^^^^
  File "C:\Users\kotch\MOVELIKEAPYTHON\venv\Lib\site-packages\rest_framework\views.py", line 475, in handle_exception
    self.raise_uncaught_exception(exc)
  File "C:\Users\kotch\MOVELIKEAPYTHON\venv\Lib\site-packages\rest_framework\views.py", line 486, in raise_uncaught_exception
    raise exc
  File "C:\Users\kotch\MOVELIKEAPYTHON\venv\Lib\site-packages\rest_framework\views.py", line 512, in dispatch
    response = handler(request, *args, **kwargs)
               ^^^^^^^^^^^^^^^^^^^^^^^^^^^^^^^^^
  File "C:\Users\kotch\MOVELIKEAPYTHON\venv\Lib\site-packages\rest_framework\mixins.py", line 46, in list
    return Response(serializer.data)
                    ^^^^^^^^^^^^^^^
  File "C:\Users\kotch\MOVELIKEAPYTHON\venv\Lib\site-packages\rest_framework\serializers.py", line 797, in data
    ret = super().data
          ^^^^^^^^^^^^
  File "C:\Users\kotch\MOVELIKEAPYTHON\venv\Lib\site-packages\rest_framework\serializers.py", line 251, in data
    self._data = self.to_representation(self.instance)
                 ^^^^^^^^^^^^^^^^^^^^^^^^^^^^^^^^^^^^^
  File "C:\Users\kotch\MOVELIKEAPYTHON\venv\Lib\site-packages\rest_framework\serializers.py", line 716, in to_representation
    self.child.to_representation(item) for item in iterable
    ^^^^^^^^^^^^^^^^^^^^^^^^^^^^^^^^^^
  File "C:\Users\kotch\MOVELIKEAPYTHON\venv\Lib\site-packages\rest_framework\serializers.py", line 540, in to_representation
    ret[field.field_name] = field.to_representation(attribute)
                            ^^^^^^^^^^^^^^^^^^^^^^^^^^^^^^^^^^
  File "C:\Users\kotch\MOVELIKEAPYTHON\venv\Lib\site-packages\rest_framework\serializers.py", line 527, in to_representation
    attribute = field.get_attribute(instance)
                ^^^^^^^^^^^^^^^^^^^^^^^^^^^^^
  File "C:\Users\kotch\MOVELIKEAPYTHON\venv\Lib\site-packages\rest_framework\fields.py", line 470, in get_attribute
    raise type(exc)(msg)
AttributeError: Got AttributeError when attempting to get a value for field `name` on serializer `CategorySerializer`.
The serializer field might be named incorrectly and not match any attribute or key on the `Categorie` instance.
Original exception text was: 'Categorie' object has no attribute 'name'.
C:\Users\kotch\MOVELIKEAPYTHON\restaurant_project\restaurant\models.py changed, reloading.
Watching for file changes with StatReloader
C:\Users\kotch\MOVELIKEAPYTHON\restaurant_project\restaurant\models.py changed, reloading.
Watching for file changes with StatReloader
Internal Server Error: /api/plats/
Traceback (most recent call last):
  File "C:\Users\kotch\MOVELIKEAPYTHON\venv\Lib\site-packages\rest_framework\fields.py", line 437, in get_attribute
    return get_attribute(instance, self.source_attrs)
           ^^^^^^^^^^^^^^^^^^^^^^^^^^^^^^^^^^^^^^^^^^
  File "C:\Users\kotch\MOVELIKEAPYTHON\venv\Lib\site-packages\rest_framework\fields.py", line 104, in get_attribute
    instance = getattr(instance, attr)
               ^^^^^^^^^^^^^^^^^^^^^^^
AttributeError: 'Categorie' object has no attribute 'name'

During handling of the above exception, another exception occurred:

Traceback (most recent call last):
  File "C:\Users\kotch\MOVELIKEAPYTHON\venv\Lib\site-packages\django\core\handlers\exception.py", line 55, in inner
    response = get_response(request)
               ^^^^^^^^^^^^^^^^^^^^^
  File "C:\Users\kotch\MOVELIKEAPYTHON\venv\Lib\site-packages\django\core\handlers\base.py", line 197, in _get_response
    response = wrapped_callback(request, *callback_args, **callback_kwargs)
               ^^^^^^^^^^^^^^^^^^^^^^^^^^^^^^^^^^^^^^^^^^^^^^^^^^^^^^^^^^^^
  File "C:\Users\kotch\MOVELIKEAPYTHON\venv\Lib\site-packages\django\views\decorators\csrf.py", line 65, in _view_wrapper
    return view_func(request, *args, **kwargs)
           ^^^^^^^^^^^^^^^^^^^^^^^^^^^^^^^^^^^
  File "C:\Users\kotch\MOVELIKEAPYTHON\venv\Lib\site-packages\rest_framework\viewsets.py", line 125, in view
    return self.dispatch(request, *args, **kwargs)
           ^^^^^^^^^^^^^^^^^^^^^^^^^^^^^^^^^^^^^^^
  File "C:\Users\kotch\MOVELIKEAPYTHON\venv\Lib\site-packages\rest_framework\views.py", line 515, in dispatch
    response = self.handle_exception(exc)
               ^^^^^^^^^^^^^^^^^^^^^^^^^^
  File "C:\Users\kotch\MOVELIKEAPYTHON\venv\Lib\site-packages\rest_framework\views.py", line 475, in handle_exception
    self.raise_uncaught_exception(exc)
  File "C:\Users\kotch\MOVELIKEAPYTHON\venv\Lib\site-packages\rest_framework\views.py", line 486, in raise_uncaught_exception
    raise exc
  File "C:\Users\kotch\MOVELIKEAPYTHON\venv\Lib\site-packages\rest_framework\views.py", line 512, in dispatch
    response = handler(request, *args, **kwargs)
               ^^^^^^^^^^^^^^^^^^^^^^^^^^^^^^^^^
  File "C:\Users\kotch\MOVELIKEAPYTHON\venv\Lib\site-packages\rest_framework\mixins.py", line 46, in list
    return Response(serializer.data)
                    ^^^^^^^^^^^^^^^
  File "C:\Users\kotch\MOVELIKEAPYTHON\venv\Lib\site-packages\rest_framework\serializers.py", line 797, in data
    ret = super().data
          ^^^^^^^^^^^^
  File "C:\Users\kotch\MOVELIKEAPYTHON\venv\Lib\site-packages\rest_framework\serializers.py", line 251, in data
    self._data = self.to_representation(self.instance)
                 ^^^^^^^^^^^^^^^^^^^^^^^^^^^^^^^^^^^^^
  File "C:\Users\kotch\MOVELIKEAPYTHON\venv\Lib\site-packages\rest_framework\serializers.py", line 716, in to_representation
    self.child.to_representation(item) for item in iterable
    ^^^^^^^^^^^^^^^^^^^^^^^^^^^^^^^^^^
  File "C:\Users\kotch\MOVELIKEAPYTHON\venv\Lib\site-packages\rest_framework\serializers.py", line 540, in to_representation
    ret[field.field_name] = field.to_representation(attribute)
                            ^^^^^^^^^^^^^^^^^^^^^^^^^^^^^^^^^^
  File "C:\Users\kotch\MOVELIKEAPYTHON\venv\Lib\site-packages\rest_framework\serializers.py", line 527, in to_representation
    attribute = field.get_attribute(instance)
                ^^^^^^^^^^^^^^^^^^^^^^^^^^^^^
  File "C:\Users\kotch\MOVELIKEAPYTHON\venv\Lib\site-packages\rest_framework\fields.py", line 470, in get_attribute
    raise type(exc)(msg)
AttributeError: Got AttributeError when attempting to get a value for field `name` on serializer `CategorySerializer`.
The serializer field might be named incorrectly and not match any attribute or key on the `Categorie` instance.
Original exception text was: 'Categorie' object has no attribute 'name'.
Internal Server Error: /api/plats/
Traceback (most recent call last):
  File "C:\Users\kotch\MOVELIKEAPYTHON\venv\Lib\site-packages\rest_framework\fields.py", line 437, in get_attribute
    return get_attribute(instance, self.source_attrs)
           ^^^^^^^^^^^^^^^^^^^^^^^^^^^^^^^^^^^^^^^^^^
  File "C:\Users\kotch\MOVELIKEAPYTHON\venv\Lib\site-packages\rest_framework\fields.py", line 104, in get_attribute
    instance = getattr(instance, attr)
               ^^^^^^^^^^^^^^^^^^^^^^^
AttributeError: 'Categorie' object has no attribute 'name'

During handling of the above exception, another exception occurred:

Traceback (most recent call last):
  File "C:\Users\kotch\MOVELIKEAPYTHON\venv\Lib\site-packages\django\core\handlers\exception.py", line 55, in inner
    response = get_response(request)
               ^^^^^^^^^^^^^^^^^^^^^
  File "C:\Users\kotch\MOVELIKEAPYTHON\venv\Lib\site-packages\django\core\handlers\base.py", line 197, in _get_response
    response = wrapped_callback(request, *callback_args, **callback_kwargs)
               ^^^^^^^^^^^^^^^^^^^^^^^^^^^^^^^^^^^^^^^^^^^^^^^^^^^^^^^^^^^^
  File "C:\Users\kotch\MOVELIKEAPYTHON\venv\Lib\site-packages\django\views\decorators\csrf.py", line 65, in _view_wrapper
    return view_func(request, *args, **kwargs)
           ^^^^^^^^^^^^^^^^^^^^^^^^^^^^^^^^^^^
  File "C:\Users\kotch\MOVELIKEAPYTHON\venv\Lib\site-packages\rest_framework\viewsets.py", line 125, in view
    return self.dispatch(request, *args, **kwargs)
           ^^^^^^^^^^^^^^^^^^^^^^^^^^^^^^^^^^^^^^^
  File "C:\Users\kotch\MOVELIKEAPYTHON\venv\Lib\site-packages\rest_framework\views.py", line 515, in dispatch
    response = self.handle_exception(exc)
               ^^^^^^^^^^^^^^^^^^^^^^^^^^
  File "C:\Users\kotch\MOVELIKEAPYTHON\venv\Lib\site-packages\rest_framework\views.py", line 475, in handle_exception
    self.raise_uncaught_exception(exc)
  File "C:\Users\kotch\MOVELIKEAPYTHON\venv\Lib\site-packages\rest_framework\views.py", line 486, in raise_uncaught_exception
    raise exc
  File "C:\Users\kotch\MOVELIKEAPYTHON\venv\Lib\site-packages\rest_framework\views.py", line 512, in dispatch
    response = handler(request, *args, **kwargs)
               ^^^^^^^^^^^^^^^^^^^^^^^^^^^^^^^^^
  File "C:\Users\kotch\MOVELIKEAPYTHON\venv\Lib\site-packages\rest_framework\mixins.py", line 46, in list
    return Response(serializer.data)
                    ^^^^^^^^^^^^^^^
  File "C:\Users\kotch\MOVELIKEAPYTHON\venv\Lib\site-packages\rest_framework\serializers.py", line 797, in data
    ret = super().data
          ^^^^^^^^^^^^
  File "C:\Users\kotch\MOVELIKEAPYTHON\venv\Lib\site-packages\rest_framework\serializers.py", line 251, in data
    self._data = self.to_representation(self.instance)
                 ^^^^^^^^^^^^^^^^^^^^^^^^^^^^^^^^^^^^^
  File "C:\Users\kotch\MOVELIKEAPYTHON\venv\Lib\site-packages\rest_framework\serializers.py", line 716, in to_representation
    self.child.to_representation(item) for item in iterable
    ^^^^^^^^^^^^^^^^^^^^^^^^^^^^^^^^^^
  File "C:\Users\kotch\MOVELIKEAPYTHON\venv\Lib\site-packages\rest_framework\serializers.py", line 540, in to_representation
    ret[field.field_name] = field.to_representation(attribute)
                            ^^^^^^^^^^^^^^^^^^^^^^^^^^^^^^^^^^
  File "C:\Users\kotch\MOVELIKEAPYTHON\venv\Lib\site-packages\rest_framework\serializers.py", line 527, in to_representation
    attribute = field.get_attribute(instance)
                ^^^^^^^^^^^^^^^^^^^^^^^^^^^^^
  File "C:\Users\kotch\MOVELIKEAPYTHON\venv\Lib\site-packages\rest_framework\fields.py", line 470, in get_attribute
    raise type(exc)(msg)
AttributeError: Got AttributeError when attempting to get a value for field `name` on serializer `CategorySerializer`.
The serializer field might be named incorrectly and not match any attribute or key on the `Categorie` instance.
Original exception text was: 'Categorie' object has no attribute 'name'.
Watching for file changes with StatReloader
C:\Users\kotch\MOVELIKEAPYTHON\restaurant_project\restaurant\models.py changed, reloading.
Watching for file changes with StatReloader
Not Found: /images/bg_2.png
Not Found: /images/about.jpg
Not Found: /images/pizza-1.jpg
Not Found: /images/pizza-2.jpg
Not Found: /images/pizza-6.jpg
Not Found: /images/pizza-4.jpg
Not Found: /images/pizza-3.jpg
Not Found: /images/pizza-5.jpg
Not Found: /images/pizza-7.jpg
Not Found: /images/pizza-8.jpg
Not Found: /images/gallery-1.jpg
Not Found: /images/gallery-2.jpg
Not Found: /images/gallery-3.jpg
Not Found: /images/gallery-4.jpg
Not Found: /images/bg_2.jpg
Not Found: /images/image_1.jpg
Not Found: /images/image_2.jpg
Not Found: /images/image_3.jpg
Not Found: /images/bg_1.jpg
Not Found: /images/bg_3.jpg
Not Found: /images/bg_2.png
Internal Server Error: /api/articles/
Traceback (most recent call last):
  File "C:\Users\kotch\MOVELIKEAPYTHON\venv\Lib\site-packages\django\core\handlers\exception.py", line 55, in inner
    response = get_response(request)
               ^^^^^^^^^^^^^^^^^^^^^
  File "C:\Users\kotch\MOVELIKEAPYTHON\venv\Lib\site-packages\django\core\handlers\base.py", line 197, in _get_response
    response = wrapped_callback(request, *callback_args, **callback_kwargs)
               ^^^^^^^^^^^^^^^^^^^^^^^^^^^^^^^^^^^^^^^^^^^^^^^^^^^^^^^^^^^^
  File "C:\Users\kotch\MOVELIKEAPYTHON\venv\Lib\site-packages\django\views\decorators\csrf.py", line 65, in _view_wrapper
    return view_func(request, *args, **kwargs)
           ^^^^^^^^^^^^^^^^^^^^^^^^^^^^^^^^^^^
  File "C:\Users\kotch\MOVELIKEAPYTHON\venv\Lib\site-packages\rest_framework\viewsets.py", line 125, in view
    return self.dispatch(request, *args, **kwargs)
           ^^^^^^^^^^^^^^^^^^^^^^^^^^^^^^^^^^^^^^^
  File "C:\Users\kotch\MOVELIKEAPYTHON\venv\Lib\site-packages\rest_framework\views.py", line 515, in dispatch
    response = self.handle_exception(exc)
               ^^^^^^^^^^^^^^^^^^^^^^^^^^
  File "C:\Users\kotch\MOVELIKEAPYTHON\venv\Lib\site-packages\rest_framework\views.py", line 475, in handle_exception
    self.raise_uncaught_exception(exc)
  File "C:\Users\kotch\MOVELIKEAPYTHON\venv\Lib\site-packages\rest_framework\views.py", line 486, in raise_uncaught_exception
    raise exc
  File "C:\Users\kotch\MOVELIKEAPYTHON\venv\Lib\site-packages\rest_framework\views.py", line 512, in dispatch
    response = handler(request, *args, **kwargs)
               ^^^^^^^^^^^^^^^^^^^^^^^^^^^^^^^^^
  File "C:\Users\kotch\MOVELIKEAPYTHON\venv\Lib\site-packages\rest_framework\mixins.py", line 46, in list
    return Response(serializer.data)
                    ^^^^^^^^^^^^^^^
  File "C:\Users\kotch\MOVELIKEAPYTHON\venv\Lib\site-packages\rest_framework\serializers.py", line 797, in data
    ret = super().data
          ^^^^^^^^^^^^
  File "C:\Users\kotch\MOVELIKEAPYTHON\venv\Lib\site-packages\rest_framework\serializers.py", line 251, in data
    self._data = self.to_representation(self.instance)
                 ^^^^^^^^^^^^^^^^^^^^^^^^^^^^^^^^^^^^^
  File "C:\Users\kotch\MOVELIKEAPYTHON\venv\Lib\site-packages\rest_framework\serializers.py", line 716, in to_representation
    self.child.to_representation(item) for item in iterable
    ^^^^^^^^^^^^^^^^^^^^^^^^^^^^^^^^^^
  File "C:\Users\kotch\MOVELIKEAPYTHON\venv\Lib\site-packages\rest_framework\serializers.py", line 525, in to_representation
    for field in fields:
                 ^^^^^^
  File "C:\Users\kotch\MOVELIKEAPYTHON\venv\Lib\site-packages\rest_framework\serializers.py", line 386, in _readable_fields
    for field in self.fields.values():
                 ^^^^^^^^^^^
  File "C:\Users\kotch\MOVELIKEAPYTHON\venv\Lib\site-packages\django\utils\functional.py", line 47, in __get__
    res = instance.__dict__[self.name] = self.func(instance)
                                         ^^^^^^^^^^^^^^^^^^^
  File "C:\Users\kotch\MOVELIKEAPYTHON\venv\Lib\site-packages\rest_framework\serializers.py", line 374, in fields
    for key, value in self.get_fields().items():
                      ^^^^^^^^^^^^^^^^^
  File "C:\Users\kotch\MOVELIKEAPYTHON\venv\Lib\site-packages\rest_framework\serializers.py", line 1105, in get_fields
    field_class, field_kwargs = self.build_field(
                                ^^^^^^^^^^^^^^^^^
  File "C:\Users\kotch\MOVELIKEAPYTHON\venv\Lib\site-packages\rest_framework\serializers.py", line 1251, in build_field
    return self.build_unknown_field(field_name, model_class)
           ^^^^^^^^^^^^^^^^^^^^^^^^^^^^^^^^^^^^^^^^^^^^^^^^^
  File "C:\Users\kotch\MOVELIKEAPYTHON\venv\Lib\site-packages\rest_framework\serializers.py", line 1369, in build_unknown_field
    raise ImproperlyConfigured(
django.core.exceptions.ImproperlyConfigured: Field name `titre` is not valid for model `Article` in `restaurant.serializers.ArticleSerializer`.
C:\Users\kotch\MOVELIKEAPYTHON\restaurant_project\restaurant\models.py changed, reloading.
Watching for file changes with StatReloader
C:\Users\kotch\MOVELIKEAPYTHON\restaurant_project\restaurant\serializers.py changed, reloading.
Watching for file changes with StatReloader
C:\Users\kotch\MOVELIKEAPYTHON\restaurant_project\restaurant\serializers.py changed, reloading.
Watching for file changes with StatReloader
Not Found: /images/bg_2.png
Not Found: /images/about.jpg
Not Found: /images/pizza-1.jpg
Not Found: /images/pizza-2.jpg
Not Found: /images/pizza-3.jpg
Not Found: /images/pizza-6.jpg
Not Found: /images/pizza-4.jpg
Not Found: /images/pizza-7.jpg
Not Found: /images/pizza-5.jpg
Not Found: /images/pizza-8.jpg
Not Found: /images/gallery-1.jpg
Not Found: /images/gallery-2.jpg
Not Found: /images/gallery-3.jpg
Not Found: /images/gallery-4.jpg
Not Found: /images/bg_2.jpg
Not Found: /images/image_1.jpg
Not Found: /images/image_2.jpg
Not Found: /images/image_3.jpg
Not Found: /images/bg_1.jpg
Not Found: /images/bg_3.jpg
Not Found: /images/bg_2.png
Internal Server Error: /api/plats/
Traceback (most recent call last):
  File "C:\Users\kotch\MOVELIKEAPYTHON\venv\Lib\site-packages\rest_framework\fields.py", line 437, in get_attribute
    return get_attribute(instance, self.source_attrs)
           ^^^^^^^^^^^^^^^^^^^^^^^^^^^^^^^^^^^^^^^^^^
  File "C:\Users\kotch\MOVELIKEAPYTHON\venv\Lib\site-packages\rest_framework\fields.py", line 104, in get_attribute
    instance = getattr(instance, attr)
               ^^^^^^^^^^^^^^^^^^^^^^^
AttributeError: 'Categorie' object has no attribute 'name'

During handling of the above exception, another exception occurred:

Traceback (most recent call last):
  File "C:\Users\kotch\MOVELIKEAPYTHON\venv\Lib\site-packages\django\core\handlers\exception.py", line 55, in inner
    response = get_response(request)
               ^^^^^^^^^^^^^^^^^^^^^
  File "C:\Users\kotch\MOVELIKEAPYTHON\venv\Lib\site-packages\django\core\handlers\base.py", line 197, in _get_response
    response = wrapped_callback(request, *callback_args, **callback_kwargs)
               ^^^^^^^^^^^^^^^^^^^^^^^^^^^^^^^^^^^^^^^^^^^^^^^^^^^^^^^^^^^^
  File "C:\Users\kotch\MOVELIKEAPYTHON\venv\Lib\site-packages\django\views\decorators\csrf.py", line 65, in _view_wrapper
    return view_func(request, *args, **kwargs)
           ^^^^^^^^^^^^^^^^^^^^^^^^^^^^^^^^^^^
  File "C:\Users\kotch\MOVELIKEAPYTHON\venv\Lib\site-packages\rest_framework\viewsets.py", line 125, in view
    return self.dispatch(request, *args, **kwargs)
           ^^^^^^^^^^^^^^^^^^^^^^^^^^^^^^^^^^^^^^^
  File "C:\Users\kotch\MOVELIKEAPYTHON\venv\Lib\site-packages\rest_framework\views.py", line 515, in dispatch
    response = self.handle_exception(exc)
               ^^^^^^^^^^^^^^^^^^^^^^^^^^
  File "C:\Users\kotch\MOVELIKEAPYTHON\venv\Lib\site-packages\rest_framework\views.py", line 475, in handle_exception
    self.raise_uncaught_exception(exc)
  File "C:\Users\kotch\MOVELIKEAPYTHON\venv\Lib\site-packages\rest_framework\views.py", line 486, in raise_uncaught_exception
    raise exc
  File "C:\Users\kotch\MOVELIKEAPYTHON\venv\Lib\site-packages\rest_framework\views.py", line 512, in dispatch
    response = handler(request, *args, **kwargs)
               ^^^^^^^^^^^^^^^^^^^^^^^^^^^^^^^^^
  File "C:\Users\kotch\MOVELIKEAPYTHON\venv\Lib\site-packages\rest_framework\mixins.py", line 46, in list
    return Response(serializer.data)
                    ^^^^^^^^^^^^^^^
  File "C:\Users\kotch\MOVELIKEAPYTHON\venv\Lib\site-packages\rest_framework\serializers.py", line 797, in data
    ret = super().data
          ^^^^^^^^^^^^
  File "C:\Users\kotch\MOVELIKEAPYTHON\venv\Lib\site-packages\rest_framework\serializers.py", line 251, in data
    self._data = self.to_representation(self.instance)
                 ^^^^^^^^^^^^^^^^^^^^^^^^^^^^^^^^^^^^^
  File "C:\Users\kotch\MOVELIKEAPYTHON\venv\Lib\site-packages\rest_framework\serializers.py", line 716, in to_representation
    self.child.to_representation(item) for item in iterable
    ^^^^^^^^^^^^^^^^^^^^^^^^^^^^^^^^^^
  File "C:\Users\kotch\MOVELIKEAPYTHON\venv\Lib\site-packages\rest_framework\serializers.py", line 540, in to_representation
    ret[field.field_name] = field.to_representation(attribute)
                            ^^^^^^^^^^^^^^^^^^^^^^^^^^^^^^^^^^
  File "C:\Users\kotch\MOVELIKEAPYTHON\venv\Lib\site-packages\rest_framework\serializers.py", line 527, in to_representation
    attribute = field.get_attribute(instance)
                ^^^^^^^^^^^^^^^^^^^^^^^^^^^^^
  File "C:\Users\kotch\MOVELIKEAPYTHON\venv\Lib\site-packages\rest_framework\fields.py", line 470, in get_attribute
    raise type(exc)(msg)
AttributeError: Got AttributeError when attempting to get a value for field `name` on serializer `CategorySerializer`.
The serializer field might be named incorrectly and not match any attribute or key on the `Categorie` instance.
Original exception text was: 'Categorie' object has no attribute 'name'.
C:\Users\kotch\MOVELIKEAPYTHON\restaurant_project\restaurant\serializers.py changed, reloading.
Watching for file changes with StatReloader
C:\Users\kotch\MOVELIKEAPYTHON\restaurant_project\restaurant\serializers.py changed, reloading.
Watching for file changes with StatReloader
Internal Server Error: /api/plats/
Traceback (most recent call last):
  File "C:\Users\kotch\MOVELIKEAPYTHON\venv\Lib\site-packages\rest_framework\fields.py", line 437, in get_attribute
    return get_attribute(instance, self.source_attrs)
           ^^^^^^^^^^^^^^^^^^^^^^^^^^^^^^^^^^^^^^^^^^
  File "C:\Users\kotch\MOVELIKEAPYTHON\venv\Lib\site-packages\rest_framework\fields.py", line 104, in get_attribute
    instance = getattr(instance, attr)
               ^^^^^^^^^^^^^^^^^^^^^^^
AttributeError: 'Categorie' object has no attribute 'name'

During handling of the above exception, another exception occurred:

Traceback (most recent call last):
  File "C:\Users\kotch\MOVELIKEAPYTHON\venv\Lib\site-packages\django\core\handlers\exception.py", line 55, in inner
    response = get_response(request)
               ^^^^^^^^^^^^^^^^^^^^^
  File "C:\Users\kotch\MOVELIKEAPYTHON\venv\Lib\site-packages\django\core\handlers\base.py", line 197, in _get_response
    response = wrapped_callback(request, *callback_args, **callback_kwargs)
               ^^^^^^^^^^^^^^^^^^^^^^^^^^^^^^^^^^^^^^^^^^^^^^^^^^^^^^^^^^^^
  File "C:\Users\kotch\MOVELIKEAPYTHON\venv\Lib\site-packages\django\views\decorators\csrf.py", line 65, in _view_wrapper
    return view_func(request, *args, **kwargs)
           ^^^^^^^^^^^^^^^^^^^^^^^^^^^^^^^^^^^
  File "C:\Users\kotch\MOVELIKEAPYTHON\venv\Lib\site-packages\rest_framework\viewsets.py", line 125, in view
    return self.dispatch(request, *args, **kwargs)
           ^^^^^^^^^^^^^^^^^^^^^^^^^^^^^^^^^^^^^^^
  File "C:\Users\kotch\MOVELIKEAPYTHON\venv\Lib\site-packages\rest_framework\views.py", line 515, in dispatch
    response = self.handle_exception(exc)
               ^^^^^^^^^^^^^^^^^^^^^^^^^^
  File "C:\Users\kotch\MOVELIKEAPYTHON\venv\Lib\site-packages\rest_framework\views.py", line 475, in handle_exception
    self.raise_uncaught_exception(exc)
  File "C:\Users\kotch\MOVELIKEAPYTHON\venv\Lib\site-packages\rest_framework\views.py", line 486, in raise_uncaught_exception
    raise exc
  File "C:\Users\kotch\MOVELIKEAPYTHON\venv\Lib\site-packages\rest_framework\views.py", line 512, in dispatch
    response = handler(request, *args, **kwargs)
               ^^^^^^^^^^^^^^^^^^^^^^^^^^^^^^^^^
  File "C:\Users\kotch\MOVELIKEAPYTHON\venv\Lib\site-packages\rest_framework\mixins.py", line 46, in list
    return Response(serializer.data)
                    ^^^^^^^^^^^^^^^
  File "C:\Users\kotch\MOVELIKEAPYTHON\venv\Lib\site-packages\rest_framework\serializers.py", line 797, in data
    ret = super().data
          ^^^^^^^^^^^^
  File "C:\Users\kotch\MOVELIKEAPYTHON\venv\Lib\site-packages\rest_framework\serializers.py", line 251, in data
    self._data = self.to_representation(self.instance)
                 ^^^^^^^^^^^^^^^^^^^^^^^^^^^^^^^^^^^^^
  File "C:\Users\kotch\MOVELIKEAPYTHON\venv\Lib\site-packages\rest_framework\serializers.py", line 716, in to_representation
    self.child.to_representation(item) for item in iterable
    ^^^^^^^^^^^^^^^^^^^^^^^^^^^^^^^^^^
  File "C:\Users\kotch\MOVELIKEAPYTHON\venv\Lib\site-packages\rest_framework\serializers.py", line 540, in to_representation
    ret[field.field_name] = field.to_representation(attribute)
                            ^^^^^^^^^^^^^^^^^^^^^^^^^^^^^^^^^^
  File "C:\Users\kotch\MOVELIKEAPYTHON\venv\Lib\site-packages\rest_framework\serializers.py", line 527, in to_representation
    attribute = field.get_attribute(instance)
                ^^^^^^^^^^^^^^^^^^^^^^^^^^^^^
  File "C:\Users\kotch\MOVELIKEAPYTHON\venv\Lib\site-packages\rest_framework\fields.py", line 470, in get_attribute
    raise type(exc)(msg)
AttributeError: Got AttributeError when attempting to get a value for field `name` on serializer `CategorySerializer`.
The serializer field might be named incorrectly and not match any attribute or key on the `Categorie` instance.
Original exception text was: 'Categorie' object has no attribute 'name'.
Not Found: /api/category/
Not Found: /api/categorie/
Not Found: /api/categorie/
C:\Users\kotch\MOVELIKEAPYTHON\restaurant_project\restaurant\serializers.py changed, reloading.
Watching for file changes with StatReloader
Internal Server Error: /api/panier/
Traceback (most recent call last):
  File "C:\Users\kotch\MOVELIKEAPYTHON\venv\Lib\site-packages\django\core\handlers\exception.py", line 55, in inner
    response = get_response(request)
               ^^^^^^^^^^^^^^^^^^^^^
  File "C:\Users\kotch\MOVELIKEAPYTHON\venv\Lib\site-packages\django\core\handlers\base.py", line 197, in _get_response
    response = wrapped_callback(request, *callback_args, **callback_kwargs)
               ^^^^^^^^^^^^^^^^^^^^^^^^^^^^^^^^^^^^^^^^^^^^^^^^^^^^^^^^^^^^
  File "C:\Users\kotch\MOVELIKEAPYTHON\venv\Lib\site-packages\django\views\decorators\csrf.py", line 65, in _view_wrapper
    return view_func(request, *args, **kwargs)
           ^^^^^^^^^^^^^^^^^^^^^^^^^^^^^^^^^^^
  File "C:\Users\kotch\MOVELIKEAPYTHON\venv\Lib\site-packages\rest_framework\viewsets.py", line 125, in view
    return self.dispatch(request, *args, **kwargs)
           ^^^^^^^^^^^^^^^^^^^^^^^^^^^^^^^^^^^^^^^
  File "C:\Users\kotch\MOVELIKEAPYTHON\venv\Lib\site-packages\rest_framework\views.py", line 515, in dispatch
    response = self.handle_exception(exc)
               ^^^^^^^^^^^^^^^^^^^^^^^^^^
  File "C:\Users\kotch\MOVELIKEAPYTHON\venv\Lib\site-packages\rest_framework\views.py", line 475, in handle_exception
    self.raise_uncaught_exception(exc)
  File "C:\Users\kotch\MOVELIKEAPYTHON\venv\Lib\site-packages\rest_framework\views.py", line 486, in raise_uncaught_exception
    raise exc
  File "C:\Users\kotch\MOVELIKEAPYTHON\venv\Lib\site-packages\rest_framework\views.py", line 512, in dispatch
    response = handler(request, *args, **kwargs)
               ^^^^^^^^^^^^^^^^^^^^^^^^^^^^^^^^^
  File "C:\Users\kotch\MOVELIKEAPYTHON\venv\Lib\site-packages\rest_framework\mixins.py", line 46, in list
    return Response(serializer.data)
                    ^^^^^^^^^^^^^^^
  File "C:\Users\kotch\MOVELIKEAPYTHON\venv\Lib\site-packages\rest_framework\serializers.py", line 797, in data
    ret = super().data
          ^^^^^^^^^^^^
  File "C:\Users\kotch\MOVELIKEAPYTHON\venv\Lib\site-packages\rest_framework\serializers.py", line 251, in data
    self._data = self.to_representation(self.instance)
                 ^^^^^^^^^^^^^^^^^^^^^^^^^^^^^^^^^^^^^
  File "C:\Users\kotch\MOVELIKEAPYTHON\venv\Lib\site-packages\rest_framework\serializers.py", line 716, in to_representation
    self.child.to_representation(item) for item in iterable
    ^^^^^^^^^^^^^^^^^^^^^^^^^^^^^^^^^^
  File "C:\Users\kotch\MOVELIKEAPYTHON\venv\Lib\site-packages\rest_framework\serializers.py", line 540, in to_representation
    ret[field.field_name] = field.to_representation(attribute)
                            ^^^^^^^^^^^^^^^^^^^^^^^^^^^^^^^^^^
  File "C:\Users\kotch\MOVELIKEAPYTHON\venv\Lib\site-packages\rest_framework\fields.py", line 1870, in to_representation
    return method(value)
           ^^^^^^^^^^^^^
  File "C:\Users\kotch\MOVELIKEAPYTHON\restaurant_project\restaurant\serializers.py", line 62, in get_total
    return sum(item.quantite * item.plat.prix for item in obj.items.all())
                                                          ^^^^^^^^^
AttributeError: 'Panier' object has no attribute 'items'
C:\Users\kotch\MOVELIKEAPYTHON\restaurant_project\restaurant\serializers.py changed, reloading.
Watching for file changes with StatReloader
Watching for file changes with StatReloader
Watching for file changes with StatReloader
C:\Users\kotch\MOVELIKEAPYTHON\restaurant_project\restaurant\serializers.py changed, reloading.
Watching for file changes with StatReloader
C:\Users\kotch\MOVELIKEAPYTHON\restaurant_project\restaurant\serializers.py changed, reloading.
Watching for file changes with StatReloader
Not Found: /images/bg_2.png
Not Found: /images/about.jpg
Not Found: /images/pizza-1.jpg
Not Found: /images/pizza-2.jpg
Not Found: /images/pizza-3.jpg
Not Found: /images/pizza-4.jpg
Not Found: /images/pizza-5.jpg
Not Found: /images/pizza-6.jpg
Not Found: /images/pizza-7.jpg
Not Found: /images/pizza-8.jpg
Not Found: /images/gallery-2.jpg
Not Found: /images/gallery-1.jpg
Not Found: /images/gallery-3.jpg
Not Found: /images/bg_2.jpg
Not Found: /images/gallery-4.jpg
Not Found: /images/image_1.jpg
Not Found: /images/image_2.jpg
Not Found: /images/bg_1.jpg
Not Found: /images/bg_3.jpg
Not Found: /images/bg_2.png
Not Found: /images/image_3.jpg
Internal Server Error: /api/panier/
Traceback (most recent call last):
  File "C:\Users\kotch\MOVELIKEAPYTHON\venv\Lib\site-packages\django\core\handlers\exception.py", line 55, in inner
    response = get_response(request)
               ^^^^^^^^^^^^^^^^^^^^^
  File "C:\Users\kotch\MOVELIKEAPYTHON\venv\Lib\site-packages\django\core\handlers\base.py", line 197, in _get_response
    response = wrapped_callback(request, *callback_args, **callback_kwargs)
               ^^^^^^^^^^^^^^^^^^^^^^^^^^^^^^^^^^^^^^^^^^^^^^^^^^^^^^^^^^^^
  File "C:\Users\kotch\MOVELIKEAPYTHON\venv\Lib\site-packages\django\views\decorators\csrf.py", line 65, in _view_wrapper
    return view_func(request, *args, **kwargs)
           ^^^^^^^^^^^^^^^^^^^^^^^^^^^^^^^^^^^
  File "C:\Users\kotch\MOVELIKEAPYTHON\venv\Lib\site-packages\rest_framework\viewsets.py", line 125, in view
    return self.dispatch(request, *args, **kwargs)
           ^^^^^^^^^^^^^^^^^^^^^^^^^^^^^^^^^^^^^^^
  File "C:\Users\kotch\MOVELIKEAPYTHON\venv\Lib\site-packages\rest_framework\views.py", line 515, in dispatch
    response = self.handle_exception(exc)
               ^^^^^^^^^^^^^^^^^^^^^^^^^^
  File "C:\Users\kotch\MOVELIKEAPYTHON\venv\Lib\site-packages\rest_framework\views.py", line 475, in handle_exception
    self.raise_uncaught_exception(exc)
  File "C:\Users\kotch\MOVELIKEAPYTHON\venv\Lib\site-packages\rest_framework\views.py", line 486, in raise_uncaught_exception
    raise exc
  File "C:\Users\kotch\MOVELIKEAPYTHON\venv\Lib\site-packages\rest_framework\views.py", line 512, in dispatch
    response = handler(request, *args, **kwargs)
               ^^^^^^^^^^^^^^^^^^^^^^^^^^^^^^^^^
  File "C:\Users\kotch\MOVELIKEAPYTHON\venv\Lib\site-packages\rest_framework\mixins.py", line 46, in list
    return Response(serializer.data)
                    ^^^^^^^^^^^^^^^
  File "C:\Users\kotch\MOVELIKEAPYTHON\venv\Lib\site-packages\rest_framework\serializers.py", line 797, in data
    ret = super().data
          ^^^^^^^^^^^^
  File "C:\Users\kotch\MOVELIKEAPYTHON\venv\Lib\site-packages\rest_framework\serializers.py", line 251, in data
    self._data = self.to_representation(self.instance)
                 ^^^^^^^^^^^^^^^^^^^^^^^^^^^^^^^^^^^^^
  File "C:\Users\kotch\MOVELIKEAPYTHON\venv\Lib\site-packages\rest_framework\serializers.py", line 716, in to_representation
    self.child.to_representation(item) for item in iterable
    ^^^^^^^^^^^^^^^^^^^^^^^^^^^^^^^^^^
  File "C:\Users\kotch\MOVELIKEAPYTHON\venv\Lib\site-packages\rest_framework\serializers.py", line 540, in to_representation
    ret[field.field_name] = field.to_representation(attribute)
                            ^^^^^^^^^^^^^^^^^^^^^^^^^^^^^^^^^^
  File "C:\Users\kotch\MOVELIKEAPYTHON\venv\Lib\site-packages\rest_framework\fields.py", line 1870, in to_representation
    return method(value)
           ^^^^^^^^^^^^^
  File "C:\Users\kotch\MOVELIKEAPYTHON\restaurant_project\restaurant\serializers.py", line 62, in get_total
    return sum(item.quantite * item.plat.prix for item in obj.items.all())
                                                          ^^^^^^^^^
AttributeError: 'Panier' object has no attribute 'items'
Not Found: /api/category/
Not Found: /api/categorie/
C:\Users\kotch\MOVELIKEAPYTHON\restaurant_project\restaurant\serializers.py changed, reloading.
Watching for file changes with StatReloader
C:\Users\kotch\MOVELIKEAPYTHON\restaurant_project\restaurant\models.py changed, reloading.
Watching for file changes with StatReloader
C:\Users\kotch\MOVELIKEAPYTHON\restaurant_project\restaurant\urls.py changed, reloading.
Watching for file changes with StatReloader
C:\Users\kotch\MOVELIKEAPYTHON\restaurant_project\restaurant\views.py changed, reloading.
Watching for file changes with StatReloader
C:\Users\kotch\MOVELIKEAPYTHON\restaurant_project\restaurant\views.py changed, reloading.
Watching for file changes with StatReloader
C:\Users\kotch\MOVELIKEAPYTHON\restaurant_project\restaurant\views.py changed, reloading.
Watching for file changes with StatReloader
C:\Users\kotch\MOVELIKEAPYTHON\restaurant_project\restaurant\views.py changed, reloading.
Watching for file changes with StatReloader
C:\Users\kotch\MOVELIKEAPYTHON\restaurant_project\restaurant\views.py changed, reloading.
Watching for file changes with StatReloader
C:\Users\kotch\MOVELIKEAPYTHON\restaurant_project\restaurant\views.py changed, reloading.
Watching for file changes with StatReloader
C:\Users\kotch\MOVELIKEAPYTHON\restaurant_project\restaurant\views.py changed, reloading.
Watching for file changes with StatReloader
Watching for file changes with StatReloader
C:\Users\kotch\MOVELIKEAPYTHON\restaurant_project\restaurant\views.py changed, reloading.
Watching for file changes with StatReloader
C:\Users\kotch\MOVELIKEAPYTHON\restaurant_project\restaurant\views.py changed, reloading.
Watching for file changes with StatReloader
Watching for file changes with StatReloader
Watching for file changes with StatReloader
C:\Users\kotch\MOVELIKEAPYTHON\restaurant_project\restaurant\views.py changed, reloading.
Watching for file changes with StatReloader
C:\Users\kotch\MOVELIKEAPYTHON\restaurant_project\restaurant\views.py changed, reloading.
Watching for file changes with StatReloader
C:\Users\kotch\MOVELIKEAPYTHON\restaurant_project\restaurant\views.py changed, reloading.
Watching for file changes with StatReloader
C:\Users\kotch\MOVELIKEAPYTHON\restaurant_project\restaurant\views.py changed, reloading.
Watching for file changes with StatReloader
C:\Users\kotch\MOVELIKEAPYTHON\restaurant_project\restaurant\serializers.py changed, reloading.
Watching for file changes with StatReloader
C:\Users\kotch\MOVELIKEAPYTHON\restaurant_project\restaurant\serializers.py changed, reloading.
Watching for file changes with StatReloader
C:\Users\kotch\MOVELIKEAPYTHON\restaurant_project\restaurant\serializers.py changed, reloading.
Watching for file changes with StatReloader
Watching for file changes with StatReloader
C:\Users\kotch\MOVELIKEAPYTHON\restaurant_project\restaurant\serializers.py changed, reloading.
Watching for file changes with StatReloader
C:\Users\kotch\MOVELIKEAPYTHON\restaurant_project\restaurant\serializers.py changed, reloading.
Watching for file changes with StatReloader
C:\Users\kotch\MOVELIKEAPYTHON\restaurant_project\restaurant\serializers.py changed, reloading.
Watching for file changes with StatReloader
C:\Users\kotch\MOVELIKEAPYTHON\restaurant_project\restaurant\serializers.py changed, reloading.
Watching for file changes with StatReloader
C:\Users\kotch\MOVELIKEAPYTHON\restaurant_project\restaurant\serializers.py changed, reloading.
Watching for file changes with StatReloader
C:\Users\kotch\MOVELIKEAPYTHON\restaurant_project\restaurant\views.py changed, reloading.
Watching for file changes with StatReloader
C:\Users\kotch\MOVELIKEAPYTHON\restaurant_project\restaurant\serializers.py changed, reloading.
Watching for file changes with StatReloader
C:\Users\kotch\MOVELIKEAPYTHON\restaurant_project\restaurant\serializers.py changed, reloading.
Watching for file changes with StatReloader
C:\Users\kotch\MOVELIKEAPYTHON\restaurant_project\restaurant\views.py changed, reloading.
Watching for file changes with StatReloader
Not Found: /images/bg_2.png
Not Found: /images/about.jpg
Not Found: /images/pizza-1.jpg
Not Found: /images/pizza-6.jpg
Not Found: /images/pizza-2.jpg
Not Found: /images/pizza-3.jpg
Not Found: /images/pizza-4.jpg
Not Found: /images/pizza-5.jpg
Not Found: /images/pizza-7.jpg
Not Found: /images/pizza-8.jpg
Not Found: /images/gallery-1.jpg
Not Found: /images/gallery-2.jpg
Not Found: /images/gallery-3.jpg
Not Found: /images/gallery-4.jpg
Not Found: /images/image_1.jpg
Not Found: /images/bg_2.jpg
Not Found: /images/image_2.jpg
Not Found: /images/image_3.jpg
Not Found: /images/bg_1.jpg
Not Found: /images/bg_2.jpg
Not Found: /images/bg_3.jpg
Not Found: /images/bg_2.png
Not Found: /api/swagger/
Watching for file changes with StatReloader
Not Found: /images/bg_2.png
Not Found: /images/about.jpg
Not Found: /images/pizza-1.jpg
Not Found: /images/pizza-2.jpg
Not Found: /images/pizza-3.jpg
Not Found: /images/pizza-4.jpg
Not Found: /images/pizza-6.jpg
Not Found: /images/pizza-5.jpg
Not Found: /images/pizza-7.jpg
Not Found: /images/gallery-1.jpg
Not Found: /images/pizza-8.jpg
Not Found: /images/gallery-2.jpg
Not Found: /images/gallery-3.jpg
Not Found: /images/gallery-4.jpg
Not Found: /images/bg_2.jpg
Not Found: /images/image_1.jpg
Not Found: /images/image_2.jpg
Not Found: /images/image_3.jpg
Not Found: /images/bg_1.jpg
Not Found: /images/bg_3.jpg
Not Found: /images/bg_2.png
Not Found: /api/swagger/
Not Found: /api/swagger/
Not Found: /images/bg_2.png
Not Found: /images/about.jpg
Not Found: /images/pizza-3.jpg
Not Found: /images/pizza-2.jpg
Not Found: /images/pizza-5.jpg
Not Found: /images/pizza-1.jpg
Not Found: /images/pizza-4.jpg
Not Found: /images/pizza-7.jpg
Not Found: /images/pizza-6.jpg
Not Found: /images/gallery-1.jpg
Not Found: /images/gallery-3.jpg
Not Found: /images/pizza-8.jpg
Not Found: /images/gallery-2.jpg
Not Found: /images/bg_1.jpg
Not Found: /images/bg_2.jpg
Not Found: /images/bg_3.jpg
Not Found: /images/gallery-4.jpg
Not Found: /images/image_3.jpg
Not Found: /images/bg_2.png
Not Found: /images/image_2.jpg
Not Found: /images/image_1.jpg
Not Found: /images/bg_2.png
Not Found: /images/pizza-1.jpg
Not Found: /images/about.jpg
Not Found: /images/pizza-2.jpg
Not Found: /images/pizza-3.jpg
Not Found: /images/pizza-5.jpg
Not Found: /images/pizza-4.jpg
Not Found: /images/bg_3.jpg
Not Found: /images/bg_2.jpg
Not Found: /images/bg_1.jpg
Not Found: /images/pizza-7.jpg
Not Found: /images/pizza-6.jpg
Not Found: /images/gallery-2.jpg
Not Found: /images/pizza-8.jpg
Not Found: /images/gallery-1.jpg
Not Found: /images/gallery-3.jpg
Not Found: /images/gallery-4.jpg
Not Found: /images/image_1.jpg
Not Found: /images/image_3.jpg
Not Found: /images/image_2.jpg
Watching for file changes with StatReloader
Not Found: /images/bg_2.png
Not Found: /images/about.jpg
Not Found: /images/pizza-1.jpg
Not Found: /images/pizza-2.jpg
Not Found: /images/pizza-6.jpg
Not Found: /images/pizza-3.jpg
Not Found: /images/pizza-4.jpg
Not Found: /images/pizza-7.jpg
Not Found: /images/pizza-5.jpg
Not Found: /images/gallery-1.jpg
Not Found: /images/pizza-8.jpg
Not Found: /images/gallery-2.jpg
Not Found: /images/gallery-3.jpg
Not Found: /images/gallery-4.jpg
Not Found: /images/bg_2.jpg
Not Found: /images/image_1.jpg
Not Found: /images/image_2.jpg
Not Found: /images/image_3.jpg
Not Found: /images/bg_1.jpg
Not Found: /images/bg_2.jpg
Not Found: /images/bg_3.jpg
Not Found: /images/bg_2.png
Not Found: /images/bg_2.png
Not Found: /images/about.jpg
Not Found: /images/pizza-4.jpg
Not Found: /images/pizza-3.jpg
Not Found: /images/pizza-2.jpg
Not Found: /images/pizza-1.jpg
Not Found: /images/pizza-5.jpg
Not Found: /images/bg_1.jpg
Not Found: /images/pizza-6.jpg
Not Found: /images/bg_2.jpg
Not Found: /images/bg_3.jpg
Not Found: /images/pizza-7.jpg
Not Found: /images/pizza-8.jpg
Not Found: /images/gallery-1.jpg
Not Found: /images/gallery-2.jpg
Not Found: /images/gallery-4.jpg
Not Found: /images/gallery-3.jpg
Not Found: /images/image_1.jpg
Not Found: /images/image_3.jpg
Not Found: /images/image_2.jpg
Not Found: /images/bg_2.png
Watching for file changes with StatReloader
Not Found: /images/bg_2.png
Not Found: /images/about.jpg
Not Found: /images/pizza-2.jpg
Not Found: /images/pizza-3.jpg
Not Found: /images/pizza-1.jpg
Not Found: /images/pizza-4.jpg
Not Found: /images/pizza-5.jpg
Not Found: /images/pizza-6.jpg
Not Found: /images/pizza-7.jpg
Not Found: /images/pizza-8.jpg
Not Found: /images/gallery-1.jpg
Not Found: /images/gallery-2.jpg
Not Found: /images/gallery-3.jpg
Not Found: /images/bg_2.jpg
Not Found: /images/gallery-4.jpg
Not Found: /images/image_1.jpg
Not Found: /images/image_2.jpg
Not Found: /images/image_3.jpg
Not Found: /images/bg_1.jpg
Not Found: /images/bg_3.jpg
Not Found: /images/bg_2.png
Not Found: /images/pizza-4.jpg
Not Found: /images/pizza-1.jpg
Not Found: /images/pizza-3.jpg
Not Found: /images/bg_2.png
Not Found: /images/about.jpg
Not Found: /images/pizza-2.jpg
Not Found: /images/bg_3.jpg
Not Found: /images/bg_2.jpg
Not Found: /images/bg_1.jpg
Not Found: /images/gallery-2.jpg
Not Found: /images/pizza-6.jpg
Not Found: /images/pizza-7.jpg
Not Found: /images/pizza-5.jpg
Not Found: /images/gallery-1.jpg
Not Found: /images/pizza-8.jpg
Not Found: /images/gallery-3.jpg
Not Found: /images/gallery-4.jpg
Not Found: /images/image_2.jpg
Not Found: /images/image_1.jpg
Not Found: /images/image_3.jpg
Not Found: /images/bg_2.png
Not Found: /images/pizza-1.jpg
Not Found: /images/pizza-2.jpg
Not Found: /images/pizza-4.jpg
Not Found: /images/about.jpg
Not Found: /images/pizza-3.jpg
Not Found: /images/pizza-5.jpg
Not Found: /images/bg_1.jpg
Not Found: /images/bg_3.jpg
Not Found: /images/bg_2.jpg
Not Found: /images/pizza-6.jpg
Not Found: /images/pizza-7.jpg
Not Found: /images/gallery-1.jpg
Not Found: /images/pizza-8.jpg
Not Found: /images/gallery-2.jpg
Not Found: /images/gallery-3.jpg
Not Found: /images/gallery-4.jpg
Not Found: /images/image_1.jpg
Not Found: /images/image_2.jpg
Not Found: /images/image_3.jpg
Not Found: /images/bg_2.png
Not Found: /images/bg_2.png
Not Found: /images/pizza-2.jpg
Not Found: /images/about.jpg
Not Found: /images/pizza-4.jpg
Not Found: /images/pizza-1.jpg
Not Found: /images/pizza-3.jpg
Not Found: /images/bg_1.jpg
Not Found: /images/bg_2.jpg
Not Found: /images/bg_3.jpg
Not Found: /images/pizza-5.jpg
Not Found: /images/pizza-7.jpg
Not Found: /images/pizza-6.jpg
Not Found: /images/pizza-8.jpg
Not Found: /images/gallery-1.jpg
Not Found: /images/gallery-4.jpg
Not Found: /images/image_1.jpg
Not Found: /images/gallery-3.jpg
Not Found: /images/gallery-2.jpg
Not Found: /images/image_2.jpg
Not Found: /images/image_3.jpg
Not Found: /images/bg_2.png
Not Found: /images/pizza-1.jpg
Not Found: /images/pizza-4.jpg
Not Found: /images/pizza-2.jpg
Not Found: /images/pizza-3.jpg
Not Found: /images/about.jpg
Not Found: /images/bg_1.jpg
Not Found: /images/bg_3.jpg
Not Found: /images/bg_2.jpg
Not Found: /images/pizza-5.jpg
Not Found: /images/pizza-6.jpg
Not Found: /images/pizza-7.jpg
Not Found: /images/gallery-1.jpg
Not Found: /images/pizza-8.jpg
Not Found: /images/gallery-2.jpg
Not Found: /images/gallery-3.jpg
Not Found: /images/gallery-4.jpg
Not Found: /images/image_1.jpg
Not Found: /images/image_2.jpg
Not Found: /images/image_3.jpg
Watching for file changes with StatReloader
Not Found: /images/bg_2.png
Not Found: /images/bg_2.jpg
Not Found: /images/bg_1.jpg
Not Found: /images/bg_3.jpg
Not Found: /images/about.jpg
Not Found: /images/pizza-2.jpg
Not Found: /images/pizza-1.jpg
Not Found: /images/pizza-3.jpg
Not Found: /images/pizza-7.jpg
Not Found: /images/pizza-4.jpg
Not Found: /images/pizza-8.jpg
Not Found: /images/pizza-5.jpg
Not Found: /images/pizza-6.jpg
Not Found: /images/gallery-1.jpg
Not Found: /images/gallery-4.jpg
Not Found: /images/gallery-2.jpg
Not Found: /images/gallery-3.jpg
Not Found: /images/drink-1.jpg
Not Found: /images/drink-2.jpg
Not Found: /images/drink-3.jpg
Not Found: /images/burger-1.jpg
Not Found: /images/burger-2.jpg
Not Found: /images/burger-3.jpg
Not Found: /images/pasta-1.jpg
Not Found: /images/pasta-2.jpg
Not Found: /images/pasta-3.jpg
Not Found: /images/image_1.jpg
Not Found: /images/image_2.jpg
Not Found: /images/image_3.jpg
Not Found: /images/bg_2.png
Not Found: /favicon.ico
Not Found: /images/bg_2.png
Not Found: /images/bg_2.png
Not Found: /images/pizza-2.jpg
Not Found: /images/pizza-1.jpg
Not Found: /images/pizza-3.jpg
Not Found: /images/about.jpg
Not Found: /images/pizza-4.jpg
Not Found: /images/bg_1.jpg
Not Found: /images/bg_3.jpg
Not Found: /images/bg_2.jpg
Not Found: /images/pizza-7.jpg
Not Found: /images/gallery-2.jpg
Not Found: /images/gallery-1.jpg
Not Found: /images/pizza-5.jpg
Not Found: /images/pizza-6.jpg
Not Found: /images/pizza-8.jpg
Not Found: /images/gallery-3.jpg
Not Found: /images/gallery-4.jpg
Not Found: /images/image_1.jpg
Not Found: /images/image_2.jpg
Not Found: /images/image_3.jpg
Not Found: /images/bg_2.png
Not Found: /images/pizza-2.jpg
Not Found: /images/pizza-3.jpg
Not Found: /images/about.jpg
Not Found: /images/pizza-4.jpg
Not Found: /images/pizza-1.jpg
Not Found: /images/bg_1.jpg
Not Found: /images/bg_2.jpg
Not Found: /images/bg_3.jpg
Not Found: /images/gallery-2.jpg
Not Found: /images/pizza-7.jpg
Not Found: /images/pizza-5.jpg
Not Found: /images/gallery-1.jpg
Not Found: /images/pizza-8.jpg
Not Found: /images/pizza-6.jpg
Not Found: /images/gallery-3.jpg
Not Found: /images/gallery-4.jpg
Not Found: /images/image_1.jpg
Not Found: /images/image_2.jpg
Not Found: /images/image_3.jpg
